[2026-07-16T20:51:21.285+0000] {processor.py:157} INFO - Started process (PID=176) to work on /opt/airflow/dags/air_quality_pipeline.py
[2026-07-16T20:51:21.286+0000] {processor.py:829} INFO - Processing file /opt/airflow/dags/air_quality_pipeline.py for tasks to queue
[2026-07-16T20:51:21.287+0000] {logging_mixin.py:151} INFO - [2026-07-16T20:51:21.286+0000] {dagbag.py:539} INFO - Filling up the DagBag from /opt/airflow/dags/air_quality_pipeline.py
[2026-07-16T20:51:21.292+0000] {logging_mixin.py:151} INFO - [2026-07-16T20:51:21.291+0000] {dagbag.py:347} ERROR - Failed to import: /opt/airflow/dags/air_quality_pipeline.py
Traceback (most recent call last):
  File "/home/airflow/.local/lib/python3.9/site-packages/airflow/models/dagbag.py", line 343, in parse
    loader.exec_module(new_module)
  File "<frozen importlib._bootstrap_external>", line 850, in exec_module
  File "<frozen importlib._bootstrap>", line 228, in _call_with_frames_removed
  File "/opt/airflow/dags/air_quality_pipeline.py", line 21, in <module>
    from extract import extract_air_quality_data
ImportError: cannot import name 'extract_air_quality_data' from 'extract' (/opt/airflow/scripts/extract.py)
[2026-07-16T20:51:21.292+0000] {processor.py:841} WARNING - No viable dags retrieved from /opt/airflow/dags/air_quality_pipeline.py
[2026-07-16T20:51:21.313+0000] {processor.py:179} INFO - Processing /opt/airflow/dags/air_quality_pipeline.py took 0.030 seconds
[2026-07-16T20:51:51.463+0000] {processor.py:157} INFO - Started process (PID=182) to work on /opt/airflow/dags/air_quality_pipeline.py
[2026-07-16T20:51:51.463+0000] {processor.py:829} INFO - Processing file /opt/airflow/dags/air_quality_pipeline.py for tasks to queue
[2026-07-16T20:51:51.465+0000] {logging_mixin.py:151} INFO - [2026-07-16T20:51:51.464+0000] {dagbag.py:539} INFO - Filling up the DagBag from /opt/airflow/dags/air_quality_pipeline.py
[2026-07-16T20:51:51.471+0000] {logging_mixin.py:151} INFO - [2026-07-16T20:51:51.471+0000] {dagbag.py:347} ERROR - Failed to import: /opt/airflow/dags/air_quality_pipeline.py
Traceback (most recent call last):
  File "/home/airflow/.local/lib/python3.9/site-packages/airflow/models/dagbag.py", line 343, in parse
    loader.exec_module(new_module)
  File "<frozen importlib._bootstrap_external>", line 850, in exec_module
  File "<frozen importlib._bootstrap>", line 228, in _call_with_frames_removed
  File "/opt/airflow/dags/air_quality_pipeline.py", line 21, in <module>
    from extract import extract_air_quality_data
ImportError: cannot import name 'extract_air_quality_data' from 'extract' (/opt/airflow/scripts/extract.py)
[2026-07-16T20:51:51.472+0000] {processor.py:841} WARNING - No viable dags retrieved from /opt/airflow/dags/air_quality_pipeline.py
[2026-07-16T20:51:51.487+0000] {processor.py:179} INFO - Processing /opt/airflow/dags/air_quality_pipeline.py took 0.029 seconds
[2026-07-16T20:52:21.678+0000] {processor.py:157} INFO - Started process (PID=187) to work on /opt/airflow/dags/air_quality_pipeline.py
[2026-07-16T20:52:21.679+0000] {processor.py:829} INFO - Processing file /opt/airflow/dags/air_quality_pipeline.py for tasks to queue
[2026-07-16T20:52:21.679+0000] {logging_mixin.py:151} INFO - [2026-07-16T20:52:21.679+0000] {dagbag.py:539} INFO - Filling up the DagBag from /opt/airflow/dags/air_quality_pipeline.py
[2026-07-16T20:52:21.686+0000] {logging_mixin.py:151} INFO - [2026-07-16T20:52:21.685+0000] {dagbag.py:347} ERROR - Failed to import: /opt/airflow/dags/air_quality_pipeline.py
Traceback (most recent call last):
  File "/home/airflow/.local/lib/python3.9/site-packages/airflow/models/dagbag.py", line 343, in parse
    loader.exec_module(new_module)
  File "<frozen importlib._bootstrap_external>", line 850, in exec_module
  File "<frozen importlib._bootstrap>", line 228, in _call_with_frames_removed
  File "/opt/airflow/dags/air_quality_pipeline.py", line 21, in <module>
    from extract import extract_air_quality_data
ImportError: cannot import name 'extract_air_quality_data' from 'extract' (/opt/airflow/scripts/extract.py)
[2026-07-16T20:52:21.686+0000] {processor.py:841} WARNING - No viable dags retrieved from /opt/airflow/dags/air_quality_pipeline.py
[2026-07-16T20:52:21.718+0000] {processor.py:179} INFO - Processing /opt/airflow/dags/air_quality_pipeline.py took 0.044 seconds
[2026-07-16T20:52:51.845+0000] {processor.py:157} INFO - Started process (PID=192) to work on /opt/airflow/dags/air_quality_pipeline.py
[2026-07-16T20:52:51.845+0000] {processor.py:829} INFO - Processing file /opt/airflow/dags/air_quality_pipeline.py for tasks to queue
[2026-07-16T20:52:51.846+0000] {logging_mixin.py:151} INFO - [2026-07-16T20:52:51.846+0000] {dagbag.py:539} INFO - Filling up the DagBag from /opt/airflow/dags/air_quality_pipeline.py
[2026-07-16T20:52:51.849+0000] {logging_mixin.py:151} INFO - [2026-07-16T20:52:51.849+0000] {dagbag.py:347} ERROR - Failed to import: /opt/airflow/dags/air_quality_pipeline.py
Traceback (most recent call last):
  File "/home/airflow/.local/lib/python3.9/site-packages/airflow/models/dagbag.py", line 343, in parse
    loader.exec_module(new_module)
  File "<frozen importlib._bootstrap_external>", line 850, in exec_module
  File "<frozen importlib._bootstrap>", line 228, in _call_with_frames_removed
  File "/opt/airflow/dags/air_quality_pipeline.py", line 21, in <module>
    from extract import extract_air_quality_data
ImportError: cannot import name 'extract_air_quality_data' from 'extract' (/opt/airflow/scripts/extract.py)
[2026-07-16T20:52:51.849+0000] {processor.py:841} WARNING - No viable dags retrieved from /opt/airflow/dags/air_quality_pipeline.py
[2026-07-16T20:52:51.872+0000] {processor.py:179} INFO - Processing /opt/airflow/dags/air_quality_pipeline.py took 0.030 seconds
[2026-07-16T20:53:22.055+0000] {processor.py:157} INFO - Started process (PID=197) to work on /opt/airflow/dags/air_quality_pipeline.py
[2026-07-16T20:53:22.058+0000] {processor.py:829} INFO - Processing file /opt/airflow/dags/air_quality_pipeline.py for tasks to queue
[2026-07-16T20:53:22.059+0000] {logging_mixin.py:151} INFO - [2026-07-16T20:53:22.058+0000] {dagbag.py:539} INFO - Filling up the DagBag from /opt/airflow/dags/air_quality_pipeline.py
[2026-07-16T20:53:22.066+0000] {logging_mixin.py:151} INFO - [2026-07-16T20:53:22.065+0000] {dagbag.py:347} ERROR - Failed to import: /opt/airflow/dags/air_quality_pipeline.py
Traceback (most recent call last):
  File "/home/airflow/.local/lib/python3.9/site-packages/airflow/models/dagbag.py", line 343, in parse
    loader.exec_module(new_module)
  File "<frozen importlib._bootstrap_external>", line 850, in exec_module
  File "<frozen importlib._bootstrap>", line 228, in _call_with_frames_removed
  File "/opt/airflow/dags/air_quality_pipeline.py", line 21, in <module>
    from extract import extract_air_quality_data
ImportError: cannot import name 'extract_air_quality_data' from 'extract' (/opt/airflow/scripts/extract.py)
[2026-07-16T20:53:22.067+0000] {processor.py:841} WARNING - No viable dags retrieved from /opt/airflow/dags/air_quality_pipeline.py
[2026-07-16T20:53:22.094+0000] {processor.py:179} INFO - Processing /opt/airflow/dags/air_quality_pipeline.py took 0.043 seconds
[2026-07-16T20:53:52.292+0000] {processor.py:157} INFO - Started process (PID=202) to work on /opt/airflow/dags/air_quality_pipeline.py
[2026-07-16T20:53:52.293+0000] {processor.py:829} INFO - Processing file /opt/airflow/dags/air_quality_pipeline.py for tasks to queue
[2026-07-16T20:53:52.294+0000] {logging_mixin.py:151} INFO - [2026-07-16T20:53:52.294+0000] {dagbag.py:539} INFO - Filling up the DagBag from /opt/airflow/dags/air_quality_pipeline.py
[2026-07-16T20:53:52.302+0000] {logging_mixin.py:151} INFO - [2026-07-16T20:53:52.301+0000] {dagbag.py:347} ERROR - Failed to import: /opt/airflow/dags/air_quality_pipeline.py
Traceback (most recent call last):
  File "/home/airflow/.local/lib/python3.9/site-packages/airflow/models/dagbag.py", line 343, in parse
    loader.exec_module(new_module)
  File "<frozen importlib._bootstrap_external>", line 850, in exec_module
  File "<frozen importlib._bootstrap>", line 228, in _call_with_frames_removed
  File "/opt/airflow/dags/air_quality_pipeline.py", line 21, in <module>
    from extract import extract_air_quality_data
ImportError: cannot import name 'extract_air_quality_data' from 'extract' (/opt/airflow/scripts/extract.py)
[2026-07-16T20:53:52.302+0000] {processor.py:841} WARNING - No viable dags retrieved from /opt/airflow/dags/air_quality_pipeline.py
[2026-07-16T20:53:52.330+0000] {processor.py:179} INFO - Processing /opt/airflow/dags/air_quality_pipeline.py took 0.042 seconds
[2026-07-16T20:54:22.518+0000] {processor.py:157} INFO - Started process (PID=207) to work on /opt/airflow/dags/air_quality_pipeline.py
[2026-07-16T20:54:22.521+0000] {processor.py:829} INFO - Processing file /opt/airflow/dags/air_quality_pipeline.py for tasks to queue
[2026-07-16T20:54:22.522+0000] {logging_mixin.py:151} INFO - [2026-07-16T20:54:22.522+0000] {dagbag.py:539} INFO - Filling up the DagBag from /opt/airflow/dags/air_quality_pipeline.py
[2026-07-16T20:54:22.528+0000] {logging_mixin.py:151} INFO - [2026-07-16T20:54:22.527+0000] {dagbag.py:347} ERROR - Failed to import: /opt/airflow/dags/air_quality_pipeline.py
Traceback (most recent call last):
  File "/home/airflow/.local/lib/python3.9/site-packages/airflow/models/dagbag.py", line 343, in parse
    loader.exec_module(new_module)
  File "<frozen importlib._bootstrap_external>", line 850, in exec_module
  File "<frozen importlib._bootstrap>", line 228, in _call_with_frames_removed
  File "/opt/airflow/dags/air_quality_pipeline.py", line 21, in <module>
    from extract import extract_air_quality_data
ImportError: cannot import name 'extract_air_quality_data' from 'extract' (/opt/airflow/scripts/extract.py)
[2026-07-16T20:54:22.528+0000] {processor.py:841} WARNING - No viable dags retrieved from /opt/airflow/dags/air_quality_pipeline.py
[2026-07-16T20:54:22.545+0000] {processor.py:179} INFO - Processing /opt/airflow/dags/air_quality_pipeline.py took 0.031 seconds
[2026-07-16T20:54:52.703+0000] {processor.py:157} INFO - Started process (PID=212) to work on /opt/airflow/dags/air_quality_pipeline.py
[2026-07-16T20:54:52.706+0000] {processor.py:829} INFO - Processing file /opt/airflow/dags/air_quality_pipeline.py for tasks to queue
[2026-07-16T20:54:52.708+0000] {logging_mixin.py:151} INFO - [2026-07-16T20:54:52.707+0000] {dagbag.py:539} INFO - Filling up the DagBag from /opt/airflow/dags/air_quality_pipeline.py
[2026-07-16T20:54:52.715+0000] {logging_mixin.py:151} INFO - [2026-07-16T20:54:52.714+0000] {dagbag.py:347} ERROR - Failed to import: /opt/airflow/dags/air_quality_pipeline.py
Traceback (most recent call last):
  File "/home/airflow/.local/lib/python3.9/site-packages/airflow/models/dagbag.py", line 343, in parse
    loader.exec_module(new_module)
  File "<frozen importlib._bootstrap_external>", line 850, in exec_module
  File "<frozen importlib._bootstrap>", line 228, in _call_with_frames_removed
  File "/opt/airflow/dags/air_quality_pipeline.py", line 21, in <module>
    from extract import extract_air_quality_data
ImportError: cannot import name 'extract_air_quality_data' from 'extract' (/opt/airflow/scripts/extract.py)
[2026-07-16T20:54:52.715+0000] {processor.py:841} WARNING - No viable dags retrieved from /opt/airflow/dags/air_quality_pipeline.py
[2026-07-16T20:54:52.743+0000] {processor.py:179} INFO - Processing /opt/airflow/dags/air_quality_pipeline.py took 0.046 seconds
[2026-07-16T20:55:22.921+0000] {processor.py:157} INFO - Started process (PID=217) to work on /opt/airflow/dags/air_quality_pipeline.py
[2026-07-16T20:55:22.923+0000] {processor.py:829} INFO - Processing file /opt/airflow/dags/air_quality_pipeline.py for tasks to queue
[2026-07-16T20:55:22.924+0000] {logging_mixin.py:151} INFO - [2026-07-16T20:55:22.924+0000] {dagbag.py:539} INFO - Filling up the DagBag from /opt/airflow/dags/air_quality_pipeline.py
[2026-07-16T20:55:22.930+0000] {logging_mixin.py:151} INFO - [2026-07-16T20:55:22.929+0000] {dagbag.py:347} ERROR - Failed to import: /opt/airflow/dags/air_quality_pipeline.py
Traceback (most recent call last):
  File "/home/airflow/.local/lib/python3.9/site-packages/airflow/models/dagbag.py", line 343, in parse
    loader.exec_module(new_module)
  File "<frozen importlib._bootstrap_external>", line 850, in exec_module
  File "<frozen importlib._bootstrap>", line 228, in _call_with_frames_removed
  File "/opt/airflow/dags/air_quality_pipeline.py", line 21, in <module>
    from extract import extract_air_quality_data
ImportError: cannot import name 'extract_air_quality_data' from 'extract' (/opt/airflow/scripts/extract.py)
[2026-07-16T20:55:22.930+0000] {processor.py:841} WARNING - No viable dags retrieved from /opt/airflow/dags/air_quality_pipeline.py
[2026-07-16T20:55:22.952+0000] {processor.py:179} INFO - Processing /opt/airflow/dags/air_quality_pipeline.py took 0.037 seconds
[2026-07-16T20:55:53.110+0000] {processor.py:157} INFO - Started process (PID=222) to work on /opt/airflow/dags/air_quality_pipeline.py
[2026-07-16T20:55:53.113+0000] {processor.py:829} INFO - Processing file /opt/airflow/dags/air_quality_pipeline.py for tasks to queue
[2026-07-16T20:55:53.114+0000] {logging_mixin.py:151} INFO - [2026-07-16T20:55:53.113+0000] {dagbag.py:539} INFO - Filling up the DagBag from /opt/airflow/dags/air_quality_pipeline.py
[2026-07-16T20:55:53.122+0000] {logging_mixin.py:151} INFO - [2026-07-16T20:55:53.120+0000] {dagbag.py:347} ERROR - Failed to import: /opt/airflow/dags/air_quality_pipeline.py
Traceback (most recent call last):
  File "/home/airflow/.local/lib/python3.9/site-packages/airflow/models/dagbag.py", line 343, in parse
    loader.exec_module(new_module)
  File "<frozen importlib._bootstrap_external>", line 850, in exec_module
  File "<frozen importlib._bootstrap>", line 228, in _call_with_frames_removed
  File "/opt/airflow/dags/air_quality_pipeline.py", line 21, in <module>
    from extract import extract_air_quality_data
ImportError: cannot import name 'extract_air_quality_data' from 'extract' (/opt/airflow/scripts/extract.py)
[2026-07-16T20:55:53.122+0000] {processor.py:841} WARNING - No viable dags retrieved from /opt/airflow/dags/air_quality_pipeline.py
[2026-07-16T20:55:53.148+0000] {processor.py:179} INFO - Processing /opt/airflow/dags/air_quality_pipeline.py took 0.042 seconds
[2026-07-16T20:56:23.334+0000] {processor.py:157} INFO - Started process (PID=227) to work on /opt/airflow/dags/air_quality_pipeline.py
[2026-07-16T20:56:23.335+0000] {processor.py:829} INFO - Processing file /opt/airflow/dags/air_quality_pipeline.py for tasks to queue
[2026-07-16T20:56:23.339+0000] {logging_mixin.py:151} INFO - [2026-07-16T20:56:23.336+0000] {dagbag.py:539} INFO - Filling up the DagBag from /opt/airflow/dags/air_quality_pipeline.py
[2026-07-16T20:56:23.351+0000] {logging_mixin.py:151} INFO - [2026-07-16T20:56:23.350+0000] {dagbag.py:347} ERROR - Failed to import: /opt/airflow/dags/air_quality_pipeline.py
Traceback (most recent call last):
  File "/home/airflow/.local/lib/python3.9/site-packages/airflow/models/dagbag.py", line 343, in parse
    loader.exec_module(new_module)
  File "<frozen importlib._bootstrap_external>", line 850, in exec_module
  File "<frozen importlib._bootstrap>", line 228, in _call_with_frames_removed
  File "/opt/airflow/dags/air_quality_pipeline.py", line 21, in <module>
    from extract import extract_air_quality_data
ImportError: cannot import name 'extract_air_quality_data' from 'extract' (/opt/airflow/scripts/extract.py)
[2026-07-16T20:56:23.352+0000] {processor.py:841} WARNING - No viable dags retrieved from /opt/airflow/dags/air_quality_pipeline.py
[2026-07-16T20:56:23.388+0000] {processor.py:179} INFO - Processing /opt/airflow/dags/air_quality_pipeline.py took 0.063 seconds
[2026-07-16T20:56:53.532+0000] {processor.py:157} INFO - Started process (PID=232) to work on /opt/airflow/dags/air_quality_pipeline.py
[2026-07-16T20:56:53.535+0000] {processor.py:829} INFO - Processing file /opt/airflow/dags/air_quality_pipeline.py for tasks to queue
[2026-07-16T20:56:53.536+0000] {logging_mixin.py:151} INFO - [2026-07-16T20:56:53.536+0000] {dagbag.py:539} INFO - Filling up the DagBag from /opt/airflow/dags/air_quality_pipeline.py
[2026-07-16T20:56:53.544+0000] {logging_mixin.py:151} INFO - [2026-07-16T20:56:53.543+0000] {dagbag.py:347} ERROR - Failed to import: /opt/airflow/dags/air_quality_pipeline.py
Traceback (most recent call last):
  File "/home/airflow/.local/lib/python3.9/site-packages/airflow/models/dagbag.py", line 343, in parse
    loader.exec_module(new_module)
  File "<frozen importlib._bootstrap_external>", line 850, in exec_module
  File "<frozen importlib._bootstrap>", line 228, in _call_with_frames_removed
  File "/opt/airflow/dags/air_quality_pipeline.py", line 21, in <module>
    from extract import extract_air_quality_data
ImportError: cannot import name 'extract_air_quality_data' from 'extract' (/opt/airflow/scripts/extract.py)
[2026-07-16T20:56:53.545+0000] {processor.py:841} WARNING - No viable dags retrieved from /opt/airflow/dags/air_quality_pipeline.py
[2026-07-16T20:56:53.572+0000] {processor.py:179} INFO - Processing /opt/airflow/dags/air_quality_pipeline.py took 0.045 seconds
[2026-07-16T20:57:23.791+0000] {processor.py:157} INFO - Started process (PID=237) to work on /opt/airflow/dags/air_quality_pipeline.py
[2026-07-16T20:57:23.793+0000] {processor.py:829} INFO - Processing file /opt/airflow/dags/air_quality_pipeline.py for tasks to queue
[2026-07-16T20:57:23.794+0000] {logging_mixin.py:151} INFO - [2026-07-16T20:57:23.794+0000] {dagbag.py:539} INFO - Filling up the DagBag from /opt/airflow/dags/air_quality_pipeline.py
[2026-07-16T20:57:23.800+0000] {logging_mixin.py:151} INFO - [2026-07-16T20:57:23.799+0000] {dagbag.py:347} ERROR - Failed to import: /opt/airflow/dags/air_quality_pipeline.py
Traceback (most recent call last):
  File "/home/airflow/.local/lib/python3.9/site-packages/airflow/models/dagbag.py", line 343, in parse
    loader.exec_module(new_module)
  File "<frozen importlib._bootstrap_external>", line 850, in exec_module
  File "<frozen importlib._bootstrap>", line 228, in _call_with_frames_removed
  File "/opt/airflow/dags/air_quality_pipeline.py", line 21, in <module>
    from extract import extract_air_quality_data
ImportError: cannot import name 'extract_air_quality_data' from 'extract' (/opt/airflow/scripts/extract.py)
[2026-07-16T20:57:23.801+0000] {processor.py:841} WARNING - No viable dags retrieved from /opt/airflow/dags/air_quality_pipeline.py
[2026-07-16T20:57:24.048+0000] {processor.py:179} INFO - Processing /opt/airflow/dags/air_quality_pipeline.py took 0.260 seconds
[2026-07-16T20:57:54.388+0000] {processor.py:157} INFO - Started process (PID=242) to work on /opt/airflow/dags/air_quality_pipeline.py
[2026-07-16T20:57:54.391+0000] {processor.py:829} INFO - Processing file /opt/airflow/dags/air_quality_pipeline.py for tasks to queue
[2026-07-16T20:57:54.392+0000] {logging_mixin.py:151} INFO - [2026-07-16T20:57:54.391+0000] {dagbag.py:539} INFO - Filling up the DagBag from /opt/airflow/dags/air_quality_pipeline.py
[2026-07-16T20:57:54.399+0000] {logging_mixin.py:151} INFO - [2026-07-16T20:57:54.398+0000] {dagbag.py:347} ERROR - Failed to import: /opt/airflow/dags/air_quality_pipeline.py
Traceback (most recent call last):
  File "/home/airflow/.local/lib/python3.9/site-packages/airflow/models/dagbag.py", line 343, in parse
    loader.exec_module(new_module)
  File "<frozen importlib._bootstrap_external>", line 850, in exec_module
  File "<frozen importlib._bootstrap>", line 228, in _call_with_frames_removed
  File "/opt/airflow/dags/air_quality_pipeline.py", line 21, in <module>
    from extract import extract_air_quality_data
ImportError: cannot import name 'extract_air_quality_data' from 'extract' (/opt/airflow/scripts/extract.py)
[2026-07-16T20:57:54.399+0000] {processor.py:841} WARNING - No viable dags retrieved from /opt/airflow/dags/air_quality_pipeline.py
[2026-07-16T20:57:54.429+0000] {processor.py:179} INFO - Processing /opt/airflow/dags/air_quality_pipeline.py took 0.045 seconds
[2026-07-16T20:58:24.561+0000] {processor.py:157} INFO - Started process (PID=247) to work on /opt/airflow/dags/air_quality_pipeline.py
[2026-07-16T20:58:24.564+0000] {processor.py:829} INFO - Processing file /opt/airflow/dags/air_quality_pipeline.py for tasks to queue
[2026-07-16T20:58:24.565+0000] {logging_mixin.py:151} INFO - [2026-07-16T20:58:24.564+0000] {dagbag.py:539} INFO - Filling up the DagBag from /opt/airflow/dags/air_quality_pipeline.py
[2026-07-16T20:58:24.570+0000] {logging_mixin.py:151} INFO - [2026-07-16T20:58:24.570+0000] {dagbag.py:347} ERROR - Failed to import: /opt/airflow/dags/air_quality_pipeline.py
Traceback (most recent call last):
  File "/home/airflow/.local/lib/python3.9/site-packages/airflow/models/dagbag.py", line 343, in parse
    loader.exec_module(new_module)
  File "<frozen importlib._bootstrap_external>", line 850, in exec_module
  File "<frozen importlib._bootstrap>", line 228, in _call_with_frames_removed
  File "/opt/airflow/dags/air_quality_pipeline.py", line 21, in <module>
    from extract import extract_air_quality_data
ImportError: cannot import name 'extract_air_quality_data' from 'extract' (/opt/airflow/scripts/extract.py)
[2026-07-16T20:58:24.570+0000] {processor.py:841} WARNING - No viable dags retrieved from /opt/airflow/dags/air_quality_pipeline.py
[2026-07-16T20:58:24.592+0000] {processor.py:179} INFO - Processing /opt/airflow/dags/air_quality_pipeline.py took 0.033 seconds
[2026-07-16T20:58:54.818+0000] {processor.py:157} INFO - Started process (PID=252) to work on /opt/airflow/dags/air_quality_pipeline.py
[2026-07-16T20:58:54.821+0000] {processor.py:829} INFO - Processing file /opt/airflow/dags/air_quality_pipeline.py for tasks to queue
[2026-07-16T20:58:54.822+0000] {logging_mixin.py:151} INFO - [2026-07-16T20:58:54.821+0000] {dagbag.py:539} INFO - Filling up the DagBag from /opt/airflow/dags/air_quality_pipeline.py
[2026-07-16T20:58:54.828+0000] {logging_mixin.py:151} INFO - [2026-07-16T20:58:54.828+0000] {dagbag.py:347} ERROR - Failed to import: /opt/airflow/dags/air_quality_pipeline.py
Traceback (most recent call last):
  File "/home/airflow/.local/lib/python3.9/site-packages/airflow/models/dagbag.py", line 343, in parse
    loader.exec_module(new_module)
  File "<frozen importlib._bootstrap_external>", line 850, in exec_module
  File "<frozen importlib._bootstrap>", line 228, in _call_with_frames_removed
  File "/opt/airflow/dags/air_quality_pipeline.py", line 21, in <module>
    from extract import extract_air_quality_data
ImportError: cannot import name 'extract_air_quality_data' from 'extract' (/opt/airflow/scripts/extract.py)
[2026-07-16T20:58:54.829+0000] {processor.py:841} WARNING - No viable dags retrieved from /opt/airflow/dags/air_quality_pipeline.py
[2026-07-16T20:58:54.856+0000] {processor.py:179} INFO - Processing /opt/airflow/dags/air_quality_pipeline.py took 0.041 seconds
[2026-07-16T20:59:25.050+0000] {processor.py:157} INFO - Started process (PID=257) to work on /opt/airflow/dags/air_quality_pipeline.py
[2026-07-16T20:59:25.053+0000] {processor.py:829} INFO - Processing file /opt/airflow/dags/air_quality_pipeline.py for tasks to queue
[2026-07-16T20:59:25.054+0000] {logging_mixin.py:151} INFO - [2026-07-16T20:59:25.053+0000] {dagbag.py:539} INFO - Filling up the DagBag from /opt/airflow/dags/air_quality_pipeline.py
[2026-07-16T20:59:25.057+0000] {logging_mixin.py:151} INFO - [2026-07-16T20:59:25.057+0000] {dagbag.py:347} ERROR - Failed to import: /opt/airflow/dags/air_quality_pipeline.py
Traceback (most recent call last):
  File "/home/airflow/.local/lib/python3.9/site-packages/airflow/models/dagbag.py", line 343, in parse
    loader.exec_module(new_module)
  File "<frozen importlib._bootstrap_external>", line 850, in exec_module
  File "<frozen importlib._bootstrap>", line 228, in _call_with_frames_removed
  File "/opt/airflow/dags/air_quality_pipeline.py", line 21, in <module>
    from extract import extract_air_quality_data
ImportError: cannot import name 'extract_air_quality_data' from 'extract' (/opt/airflow/scripts/extract.py)
[2026-07-16T20:59:25.057+0000] {processor.py:841} WARNING - No viable dags retrieved from /opt/airflow/dags/air_quality_pipeline.py
[2026-07-16T20:59:25.082+0000] {processor.py:179} INFO - Processing /opt/airflow/dags/air_quality_pipeline.py took 0.034 seconds
[2026-07-16T20:59:55.281+0000] {processor.py:157} INFO - Started process (PID=262) to work on /opt/airflow/dags/air_quality_pipeline.py
[2026-07-16T20:59:55.283+0000] {processor.py:829} INFO - Processing file /opt/airflow/dags/air_quality_pipeline.py for tasks to queue
[2026-07-16T20:59:55.284+0000] {logging_mixin.py:151} INFO - [2026-07-16T20:59:55.284+0000] {dagbag.py:539} INFO - Filling up the DagBag from /opt/airflow/dags/air_quality_pipeline.py
[2026-07-16T20:59:55.288+0000] {logging_mixin.py:151} INFO - [2026-07-16T20:59:55.287+0000] {dagbag.py:347} ERROR - Failed to import: /opt/airflow/dags/air_quality_pipeline.py
Traceback (most recent call last):
  File "/home/airflow/.local/lib/python3.9/site-packages/airflow/models/dagbag.py", line 343, in parse
    loader.exec_module(new_module)
  File "<frozen importlib._bootstrap_external>", line 850, in exec_module
  File "<frozen importlib._bootstrap>", line 228, in _call_with_frames_removed
  File "/opt/airflow/dags/air_quality_pipeline.py", line 21, in <module>
    from extract import extract_air_quality_data
ImportError: cannot import name 'extract_air_quality_data' from 'extract' (/opt/airflow/scripts/extract.py)
[2026-07-16T20:59:55.288+0000] {processor.py:841} WARNING - No viable dags retrieved from /opt/airflow/dags/air_quality_pipeline.py
[2026-07-16T20:59:55.312+0000] {processor.py:179} INFO - Processing /opt/airflow/dags/air_quality_pipeline.py took 0.033 seconds
[2026-07-16T21:00:25.505+0000] {processor.py:157} INFO - Started process (PID=267) to work on /opt/airflow/dags/air_quality_pipeline.py
[2026-07-16T21:00:25.508+0000] {processor.py:829} INFO - Processing file /opt/airflow/dags/air_quality_pipeline.py for tasks to queue
[2026-07-16T21:00:25.509+0000] {logging_mixin.py:151} INFO - [2026-07-16T21:00:25.509+0000] {dagbag.py:539} INFO - Filling up the DagBag from /opt/airflow/dags/air_quality_pipeline.py
[2026-07-16T21:00:25.515+0000] {logging_mixin.py:151} INFO - [2026-07-16T21:00:25.514+0000] {dagbag.py:347} ERROR - Failed to import: /opt/airflow/dags/air_quality_pipeline.py
Traceback (most recent call last):
  File "/home/airflow/.local/lib/python3.9/site-packages/airflow/models/dagbag.py", line 343, in parse
    loader.exec_module(new_module)
  File "<frozen importlib._bootstrap_external>", line 850, in exec_module
  File "<frozen importlib._bootstrap>", line 228, in _call_with_frames_removed
  File "/opt/airflow/dags/air_quality_pipeline.py", line 21, in <module>
    from extract import extract_air_quality_data
ImportError: cannot import name 'extract_air_quality_data' from 'extract' (/opt/airflow/scripts/extract.py)
[2026-07-16T21:00:25.515+0000] {processor.py:841} WARNING - No viable dags retrieved from /opt/airflow/dags/air_quality_pipeline.py
[2026-07-16T21:00:25.538+0000] {processor.py:179} INFO - Processing /opt/airflow/dags/air_quality_pipeline.py took 0.037 seconds
[2026-07-16T21:00:55.732+0000] {processor.py:157} INFO - Started process (PID=272) to work on /opt/airflow/dags/air_quality_pipeline.py
[2026-07-16T21:00:55.735+0000] {processor.py:829} INFO - Processing file /opt/airflow/dags/air_quality_pipeline.py for tasks to queue
[2026-07-16T21:00:55.736+0000] {logging_mixin.py:151} INFO - [2026-07-16T21:00:55.736+0000] {dagbag.py:539} INFO - Filling up the DagBag from /opt/airflow/dags/air_quality_pipeline.py
[2026-07-16T21:00:55.744+0000] {logging_mixin.py:151} INFO - [2026-07-16T21:00:55.742+0000] {dagbag.py:347} ERROR - Failed to import: /opt/airflow/dags/air_quality_pipeline.py
Traceback (most recent call last):
  File "/home/airflow/.local/lib/python3.9/site-packages/airflow/models/dagbag.py", line 343, in parse
    loader.exec_module(new_module)
  File "<frozen importlib._bootstrap_external>", line 850, in exec_module
  File "<frozen importlib._bootstrap>", line 228, in _call_with_frames_removed
  File "/opt/airflow/dags/air_quality_pipeline.py", line 21, in <module>
    from extract import extract_air_quality_data
ImportError: cannot import name 'extract_air_quality_data' from 'extract' (/opt/airflow/scripts/extract.py)
[2026-07-16T21:00:55.744+0000] {processor.py:841} WARNING - No viable dags retrieved from /opt/airflow/dags/air_quality_pipeline.py
[2026-07-16T21:00:55.769+0000] {processor.py:179} INFO - Processing /opt/airflow/dags/air_quality_pipeline.py took 0.042 seconds
[2026-07-16T21:01:25.967+0000] {processor.py:157} INFO - Started process (PID=277) to work on /opt/airflow/dags/air_quality_pipeline.py
[2026-07-16T21:01:25.970+0000] {processor.py:829} INFO - Processing file /opt/airflow/dags/air_quality_pipeline.py for tasks to queue
[2026-07-16T21:01:25.971+0000] {logging_mixin.py:151} INFO - [2026-07-16T21:01:25.971+0000] {dagbag.py:539} INFO - Filling up the DagBag from /opt/airflow/dags/air_quality_pipeline.py
[2026-07-16T21:01:25.978+0000] {logging_mixin.py:151} INFO - [2026-07-16T21:01:25.977+0000] {dagbag.py:347} ERROR - Failed to import: /opt/airflow/dags/air_quality_pipeline.py
Traceback (most recent call last):
  File "/home/airflow/.local/lib/python3.9/site-packages/airflow/models/dagbag.py", line 343, in parse
    loader.exec_module(new_module)
  File "<frozen importlib._bootstrap_external>", line 850, in exec_module
  File "<frozen importlib._bootstrap>", line 228, in _call_with_frames_removed
  File "/opt/airflow/dags/air_quality_pipeline.py", line 21, in <module>
    from extract import extract_air_quality_data
ImportError: cannot import name 'extract_air_quality_data' from 'extract' (/opt/airflow/scripts/extract.py)
[2026-07-16T21:01:25.978+0000] {processor.py:841} WARNING - No viable dags retrieved from /opt/airflow/dags/air_quality_pipeline.py
[2026-07-16T21:01:26.007+0000] {processor.py:179} INFO - Processing /opt/airflow/dags/air_quality_pipeline.py took 0.043 seconds
[2026-07-16T21:01:56.174+0000] {processor.py:157} INFO - Started process (PID=282) to work on /opt/airflow/dags/air_quality_pipeline.py
[2026-07-16T21:01:56.177+0000] {processor.py:829} INFO - Processing file /opt/airflow/dags/air_quality_pipeline.py for tasks to queue
[2026-07-16T21:01:56.178+0000] {logging_mixin.py:151} INFO - [2026-07-16T21:01:56.178+0000] {dagbag.py:539} INFO - Filling up the DagBag from /opt/airflow/dags/air_quality_pipeline.py
[2026-07-16T21:01:56.186+0000] {logging_mixin.py:151} INFO - [2026-07-16T21:01:56.184+0000] {dagbag.py:347} ERROR - Failed to import: /opt/airflow/dags/air_quality_pipeline.py
Traceback (most recent call last):
  File "/home/airflow/.local/lib/python3.9/site-packages/airflow/models/dagbag.py", line 343, in parse
    loader.exec_module(new_module)
  File "<frozen importlib._bootstrap_external>", line 850, in exec_module
  File "<frozen importlib._bootstrap>", line 228, in _call_with_frames_removed
  File "/opt/airflow/dags/air_quality_pipeline.py", line 21, in <module>
    from extract import extract_air_quality_data
ImportError: cannot import name 'extract_air_quality_data' from 'extract' (/opt/airflow/scripts/extract.py)
[2026-07-16T21:01:56.186+0000] {processor.py:841} WARNING - No viable dags retrieved from /opt/airflow/dags/air_quality_pipeline.py
[2026-07-16T21:01:56.216+0000] {processor.py:179} INFO - Processing /opt/airflow/dags/air_quality_pipeline.py took 0.046 seconds
[2026-07-16T21:02:26.392+0000] {processor.py:157} INFO - Started process (PID=287) to work on /opt/airflow/dags/air_quality_pipeline.py
[2026-07-16T21:02:26.393+0000] {processor.py:829} INFO - Processing file /opt/airflow/dags/air_quality_pipeline.py for tasks to queue
[2026-07-16T21:02:26.394+0000] {logging_mixin.py:151} INFO - [2026-07-16T21:02:26.393+0000] {dagbag.py:539} INFO - Filling up the DagBag from /opt/airflow/dags/air_quality_pipeline.py
[2026-07-16T21:02:26.399+0000] {logging_mixin.py:151} INFO - [2026-07-16T21:02:26.398+0000] {dagbag.py:347} ERROR - Failed to import: /opt/airflow/dags/air_quality_pipeline.py
Traceback (most recent call last):
  File "/home/airflow/.local/lib/python3.9/site-packages/airflow/models/dagbag.py", line 343, in parse
    loader.exec_module(new_module)
  File "<frozen importlib._bootstrap_external>", line 850, in exec_module
  File "<frozen importlib._bootstrap>", line 228, in _call_with_frames_removed
  File "/opt/airflow/dags/air_quality_pipeline.py", line 21, in <module>
    from extract import extract_air_quality_data
ImportError: cannot import name 'extract_air_quality_data' from 'extract' (/opt/airflow/scripts/extract.py)
[2026-07-16T21:02:26.399+0000] {processor.py:841} WARNING - No viable dags retrieved from /opt/airflow/dags/air_quality_pipeline.py
[2026-07-16T21:02:26.427+0000] {processor.py:179} INFO - Processing /opt/airflow/dags/air_quality_pipeline.py took 0.039 seconds
[2026-07-16T21:02:56.602+0000] {processor.py:157} INFO - Started process (PID=292) to work on /opt/airflow/dags/air_quality_pipeline.py
[2026-07-16T21:02:56.605+0000] {processor.py:829} INFO - Processing file /opt/airflow/dags/air_quality_pipeline.py for tasks to queue
[2026-07-16T21:02:56.607+0000] {logging_mixin.py:151} INFO - [2026-07-16T21:02:56.606+0000] {dagbag.py:539} INFO - Filling up the DagBag from /opt/airflow/dags/air_quality_pipeline.py
[2026-07-16T21:02:56.613+0000] {logging_mixin.py:151} INFO - [2026-07-16T21:02:56.613+0000] {dagbag.py:347} ERROR - Failed to import: /opt/airflow/dags/air_quality_pipeline.py
Traceback (most recent call last):
  File "/home/airflow/.local/lib/python3.9/site-packages/airflow/models/dagbag.py", line 343, in parse
    loader.exec_module(new_module)
  File "<frozen importlib._bootstrap_external>", line 850, in exec_module
  File "<frozen importlib._bootstrap>", line 228, in _call_with_frames_removed
  File "/opt/airflow/dags/air_quality_pipeline.py", line 21, in <module>
    from extract import extract_air_quality_data
ImportError: cannot import name 'extract_air_quality_data' from 'extract' (/opt/airflow/scripts/extract.py)
[2026-07-16T21:02:56.613+0000] {processor.py:841} WARNING - No viable dags retrieved from /opt/airflow/dags/air_quality_pipeline.py
[2026-07-16T21:02:56.634+0000] {processor.py:179} INFO - Processing /opt/airflow/dags/air_quality_pipeline.py took 0.035 seconds
[2026-07-16T21:03:26.820+0000] {processor.py:157} INFO - Started process (PID=297) to work on /opt/airflow/dags/air_quality_pipeline.py
[2026-07-16T21:03:26.823+0000] {processor.py:829} INFO - Processing file /opt/airflow/dags/air_quality_pipeline.py for tasks to queue
[2026-07-16T21:03:26.824+0000] {logging_mixin.py:151} INFO - [2026-07-16T21:03:26.823+0000] {dagbag.py:539} INFO - Filling up the DagBag from /opt/airflow/dags/air_quality_pipeline.py
[2026-07-16T21:03:26.828+0000] {logging_mixin.py:151} INFO - [2026-07-16T21:03:26.827+0000] {dagbag.py:347} ERROR - Failed to import: /opt/airflow/dags/air_quality_pipeline.py
Traceback (most recent call last):
  File "/home/airflow/.local/lib/python3.9/site-packages/airflow/models/dagbag.py", line 343, in parse
    loader.exec_module(new_module)
  File "<frozen importlib._bootstrap_external>", line 850, in exec_module
  File "<frozen importlib._bootstrap>", line 228, in _call_with_frames_removed
  File "/opt/airflow/dags/air_quality_pipeline.py", line 21, in <module>
    from extract import extract_air_quality_data
ImportError: cannot import name 'extract_air_quality_data' from 'extract' (/opt/airflow/scripts/extract.py)
[2026-07-16T21:03:26.828+0000] {processor.py:841} WARNING - No viable dags retrieved from /opt/airflow/dags/air_quality_pipeline.py
[2026-07-16T21:03:26.842+0000] {processor.py:179} INFO - Processing /opt/airflow/dags/air_quality_pipeline.py took 0.026 seconds
[2026-07-16T21:03:57.046+0000] {processor.py:157} INFO - Started process (PID=302) to work on /opt/airflow/dags/air_quality_pipeline.py
[2026-07-16T21:03:57.046+0000] {processor.py:829} INFO - Processing file /opt/airflow/dags/air_quality_pipeline.py for tasks to queue
[2026-07-16T21:03:57.047+0000] {logging_mixin.py:151} INFO - [2026-07-16T21:03:57.047+0000] {dagbag.py:539} INFO - Filling up the DagBag from /opt/airflow/dags/air_quality_pipeline.py
[2026-07-16T21:03:57.051+0000] {logging_mixin.py:151} INFO - [2026-07-16T21:03:57.051+0000] {dagbag.py:347} ERROR - Failed to import: /opt/airflow/dags/air_quality_pipeline.py
Traceback (most recent call last):
  File "/home/airflow/.local/lib/python3.9/site-packages/airflow/models/dagbag.py", line 343, in parse
    loader.exec_module(new_module)
  File "<frozen importlib._bootstrap_external>", line 850, in exec_module
  File "<frozen importlib._bootstrap>", line 228, in _call_with_frames_removed
  File "/opt/airflow/dags/air_quality_pipeline.py", line 21, in <module>
    from extract import extract_air_quality_data
ImportError: cannot import name 'extract_air_quality_data' from 'extract' (/opt/airflow/scripts/extract.py)
[2026-07-16T21:03:57.051+0000] {processor.py:841} WARNING - No viable dags retrieved from /opt/airflow/dags/air_quality_pipeline.py
[2026-07-16T21:03:57.076+0000] {processor.py:179} INFO - Processing /opt/airflow/dags/air_quality_pipeline.py took 0.033 seconds
[2026-07-16T21:04:27.291+0000] {processor.py:157} INFO - Started process (PID=307) to work on /opt/airflow/dags/air_quality_pipeline.py
[2026-07-16T21:04:27.294+0000] {processor.py:829} INFO - Processing file /opt/airflow/dags/air_quality_pipeline.py for tasks to queue
[2026-07-16T21:04:27.295+0000] {logging_mixin.py:151} INFO - [2026-07-16T21:04:27.295+0000] {dagbag.py:539} INFO - Filling up the DagBag from /opt/airflow/dags/air_quality_pipeline.py
[2026-07-16T21:04:27.303+0000] {logging_mixin.py:151} INFO - [2026-07-16T21:04:27.302+0000] {dagbag.py:347} ERROR - Failed to import: /opt/airflow/dags/air_quality_pipeline.py
Traceback (most recent call last):
  File "/home/airflow/.local/lib/python3.9/site-packages/airflow/models/dagbag.py", line 343, in parse
    loader.exec_module(new_module)
  File "<frozen importlib._bootstrap_external>", line 850, in exec_module
  File "<frozen importlib._bootstrap>", line 228, in _call_with_frames_removed
  File "/opt/airflow/dags/air_quality_pipeline.py", line 21, in <module>
    from extract import extract_air_quality_data
ImportError: cannot import name 'extract_air_quality_data' from 'extract' (/opt/airflow/scripts/extract.py)
[2026-07-16T21:04:27.304+0000] {processor.py:841} WARNING - No viable dags retrieved from /opt/airflow/dags/air_quality_pipeline.py
[2026-07-16T21:04:27.330+0000] {processor.py:179} INFO - Processing /opt/airflow/dags/air_quality_pipeline.py took 0.042 seconds
[2026-07-16T21:04:57.467+0000] {processor.py:157} INFO - Started process (PID=312) to work on /opt/airflow/dags/air_quality_pipeline.py
[2026-07-16T21:04:57.468+0000] {processor.py:829} INFO - Processing file /opt/airflow/dags/air_quality_pipeline.py for tasks to queue
[2026-07-16T21:04:57.469+0000] {logging_mixin.py:151} INFO - [2026-07-16T21:04:57.468+0000] {dagbag.py:539} INFO - Filling up the DagBag from /opt/airflow/dags/air_quality_pipeline.py
[2026-07-16T21:04:57.476+0000] {logging_mixin.py:151} INFO - [2026-07-16T21:04:57.476+0000] {dagbag.py:347} ERROR - Failed to import: /opt/airflow/dags/air_quality_pipeline.py
Traceback (most recent call last):
  File "/home/airflow/.local/lib/python3.9/site-packages/airflow/models/dagbag.py", line 343, in parse
    loader.exec_module(new_module)
  File "<frozen importlib._bootstrap_external>", line 850, in exec_module
  File "<frozen importlib._bootstrap>", line 228, in _call_with_frames_removed
  File "/opt/airflow/dags/air_quality_pipeline.py", line 21, in <module>
    from extract import extract_air_quality_data
ImportError: cannot import name 'extract_air_quality_data' from 'extract' (/opt/airflow/scripts/extract.py)
[2026-07-16T21:04:57.477+0000] {processor.py:841} WARNING - No viable dags retrieved from /opt/airflow/dags/air_quality_pipeline.py
[2026-07-16T21:04:57.498+0000] {processor.py:179} INFO - Processing /opt/airflow/dags/air_quality_pipeline.py took 0.033 seconds
[2026-07-16T21:05:27.657+0000] {processor.py:157} INFO - Started process (PID=317) to work on /opt/airflow/dags/air_quality_pipeline.py
[2026-07-16T21:05:27.658+0000] {processor.py:829} INFO - Processing file /opt/airflow/dags/air_quality_pipeline.py for tasks to queue
[2026-07-16T21:05:27.659+0000] {logging_mixin.py:151} INFO - [2026-07-16T21:05:27.658+0000] {dagbag.py:539} INFO - Filling up the DagBag from /opt/airflow/dags/air_quality_pipeline.py
[2026-07-16T21:05:27.663+0000] {logging_mixin.py:151} INFO - [2026-07-16T21:05:27.662+0000] {dagbag.py:347} ERROR - Failed to import: /opt/airflow/dags/air_quality_pipeline.py
Traceback (most recent call last):
  File "/home/airflow/.local/lib/python3.9/site-packages/airflow/models/dagbag.py", line 343, in parse
    loader.exec_module(new_module)
  File "<frozen importlib._bootstrap_external>", line 850, in exec_module
  File "<frozen importlib._bootstrap>", line 228, in _call_with_frames_removed
  File "/opt/airflow/dags/air_quality_pipeline.py", line 21, in <module>
    from extract import extract_air_quality_data
ImportError: cannot import name 'extract_air_quality_data' from 'extract' (/opt/airflow/scripts/extract.py)
[2026-07-16T21:05:27.663+0000] {processor.py:841} WARNING - No viable dags retrieved from /opt/airflow/dags/air_quality_pipeline.py
[2026-07-16T21:05:27.694+0000] {processor.py:179} INFO - Processing /opt/airflow/dags/air_quality_pipeline.py took 0.040 seconds
[2026-07-16T21:05:57.854+0000] {processor.py:157} INFO - Started process (PID=322) to work on /opt/airflow/dags/air_quality_pipeline.py
[2026-07-16T21:05:57.855+0000] {processor.py:829} INFO - Processing file /opt/airflow/dags/air_quality_pipeline.py for tasks to queue
[2026-07-16T21:05:57.856+0000] {logging_mixin.py:151} INFO - [2026-07-16T21:05:57.856+0000] {dagbag.py:539} INFO - Filling up the DagBag from /opt/airflow/dags/air_quality_pipeline.py
[2026-07-16T21:05:57.861+0000] {logging_mixin.py:151} INFO - [2026-07-16T21:05:57.860+0000] {dagbag.py:347} ERROR - Failed to import: /opt/airflow/dags/air_quality_pipeline.py
Traceback (most recent call last):
  File "/home/airflow/.local/lib/python3.9/site-packages/airflow/models/dagbag.py", line 343, in parse
    loader.exec_module(new_module)
  File "<frozen importlib._bootstrap_external>", line 850, in exec_module
  File "<frozen importlib._bootstrap>", line 228, in _call_with_frames_removed
  File "/opt/airflow/dags/air_quality_pipeline.py", line 21, in <module>
    from extract import extract_air_quality_data
ImportError: cannot import name 'extract_air_quality_data' from 'extract' (/opt/airflow/scripts/extract.py)
[2026-07-16T21:05:57.861+0000] {processor.py:841} WARNING - No viable dags retrieved from /opt/airflow/dags/air_quality_pipeline.py
[2026-07-16T21:05:57.889+0000] {processor.py:179} INFO - Processing /opt/airflow/dags/air_quality_pipeline.py took 0.039 seconds
[2026-07-16T21:06:28.035+0000] {processor.py:157} INFO - Started process (PID=327) to work on /opt/airflow/dags/air_quality_pipeline.py
[2026-07-16T21:06:28.037+0000] {processor.py:829} INFO - Processing file /opt/airflow/dags/air_quality_pipeline.py for tasks to queue
[2026-07-16T21:06:28.038+0000] {logging_mixin.py:151} INFO - [2026-07-16T21:06:28.038+0000] {dagbag.py:539} INFO - Filling up the DagBag from /opt/airflow/dags/air_quality_pipeline.py
[2026-07-16T21:06:28.042+0000] {logging_mixin.py:151} INFO - [2026-07-16T21:06:28.041+0000] {dagbag.py:347} ERROR - Failed to import: /opt/airflow/dags/air_quality_pipeline.py
Traceback (most recent call last):
  File "/home/airflow/.local/lib/python3.9/site-packages/airflow/models/dagbag.py", line 343, in parse
    loader.exec_module(new_module)
  File "<frozen importlib._bootstrap_external>", line 850, in exec_module
  File "<frozen importlib._bootstrap>", line 228, in _call_with_frames_removed
  File "/opt/airflow/dags/air_quality_pipeline.py", line 21, in <module>
    from extract import extract_air_quality_data
ImportError: cannot import name 'extract_air_quality_data' from 'extract' (/opt/airflow/scripts/extract.py)
[2026-07-16T21:06:28.042+0000] {processor.py:841} WARNING - No viable dags retrieved from /opt/airflow/dags/air_quality_pipeline.py
[2026-07-16T21:06:28.061+0000] {processor.py:179} INFO - Processing /opt/airflow/dags/air_quality_pipeline.py took 0.029 seconds
[2026-07-16T21:06:58.273+0000] {processor.py:157} INFO - Started process (PID=332) to work on /opt/airflow/dags/air_quality_pipeline.py
[2026-07-16T21:06:58.274+0000] {processor.py:829} INFO - Processing file /opt/airflow/dags/air_quality_pipeline.py for tasks to queue
[2026-07-16T21:06:58.276+0000] {logging_mixin.py:151} INFO - [2026-07-16T21:06:58.275+0000] {dagbag.py:539} INFO - Filling up the DagBag from /opt/airflow/dags/air_quality_pipeline.py
[2026-07-16T21:06:58.282+0000] {logging_mixin.py:151} INFO - [2026-07-16T21:06:58.282+0000] {dagbag.py:347} ERROR - Failed to import: /opt/airflow/dags/air_quality_pipeline.py
Traceback (most recent call last):
  File "/home/airflow/.local/lib/python3.9/site-packages/airflow/models/dagbag.py", line 343, in parse
    loader.exec_module(new_module)
  File "<frozen importlib._bootstrap_external>", line 850, in exec_module
  File "<frozen importlib._bootstrap>", line 228, in _call_with_frames_removed
  File "/opt/airflow/dags/air_quality_pipeline.py", line 21, in <module>
    from extract import extract_air_quality_data
ImportError: cannot import name 'extract_air_quality_data' from 'extract' (/opt/airflow/scripts/extract.py)
[2026-07-16T21:06:58.283+0000] {processor.py:841} WARNING - No viable dags retrieved from /opt/airflow/dags/air_quality_pipeline.py
[2026-07-16T21:06:58.313+0000] {processor.py:179} INFO - Processing /opt/airflow/dags/air_quality_pipeline.py took 0.044 seconds
[2026-07-16T21:07:28.491+0000] {processor.py:157} INFO - Started process (PID=337) to work on /opt/airflow/dags/air_quality_pipeline.py
[2026-07-16T21:07:28.492+0000] {processor.py:829} INFO - Processing file /opt/airflow/dags/air_quality_pipeline.py for tasks to queue
[2026-07-16T21:07:28.493+0000] {logging_mixin.py:151} INFO - [2026-07-16T21:07:28.492+0000] {dagbag.py:539} INFO - Filling up the DagBag from /opt/airflow/dags/air_quality_pipeline.py
[2026-07-16T21:07:28.500+0000] {logging_mixin.py:151} INFO - [2026-07-16T21:07:28.499+0000] {dagbag.py:347} ERROR - Failed to import: /opt/airflow/dags/air_quality_pipeline.py
Traceback (most recent call last):
  File "/home/airflow/.local/lib/python3.9/site-packages/airflow/models/dagbag.py", line 343, in parse
    loader.exec_module(new_module)
  File "<frozen importlib._bootstrap_external>", line 850, in exec_module
  File "<frozen importlib._bootstrap>", line 228, in _call_with_frames_removed
  File "/opt/airflow/dags/air_quality_pipeline.py", line 21, in <module>
    from extract import extract_air_quality_data
ImportError: cannot import name 'extract_air_quality_data' from 'extract' (/opt/airflow/scripts/extract.py)
[2026-07-16T21:07:28.500+0000] {processor.py:841} WARNING - No viable dags retrieved from /opt/airflow/dags/air_quality_pipeline.py
[2026-07-16T21:07:28.524+0000] {processor.py:179} INFO - Processing /opt/airflow/dags/air_quality_pipeline.py took 0.038 seconds
[2026-07-16T21:07:58.729+0000] {processor.py:157} INFO - Started process (PID=342) to work on /opt/airflow/dags/air_quality_pipeline.py
[2026-07-16T21:07:58.730+0000] {processor.py:829} INFO - Processing file /opt/airflow/dags/air_quality_pipeline.py for tasks to queue
[2026-07-16T21:07:58.731+0000] {logging_mixin.py:151} INFO - [2026-07-16T21:07:58.731+0000] {dagbag.py:539} INFO - Filling up the DagBag from /opt/airflow/dags/air_quality_pipeline.py
[2026-07-16T21:07:58.739+0000] {logging_mixin.py:151} INFO - [2026-07-16T21:07:58.738+0000] {dagbag.py:347} ERROR - Failed to import: /opt/airflow/dags/air_quality_pipeline.py
Traceback (most recent call last):
  File "/home/airflow/.local/lib/python3.9/site-packages/airflow/models/dagbag.py", line 343, in parse
    loader.exec_module(new_module)
  File "<frozen importlib._bootstrap_external>", line 850, in exec_module
  File "<frozen importlib._bootstrap>", line 228, in _call_with_frames_removed
  File "/opt/airflow/dags/air_quality_pipeline.py", line 21, in <module>
    from extract import extract_air_quality_data
ImportError: cannot import name 'extract_air_quality_data' from 'extract' (/opt/airflow/scripts/extract.py)
[2026-07-16T21:07:58.739+0000] {processor.py:841} WARNING - No viable dags retrieved from /opt/airflow/dags/air_quality_pipeline.py
[2026-07-16T21:07:58.770+0000] {processor.py:179} INFO - Processing /opt/airflow/dags/air_quality_pipeline.py took 0.046 seconds
[2026-07-16T21:08:28.958+0000] {processor.py:157} INFO - Started process (PID=347) to work on /opt/airflow/dags/air_quality_pipeline.py
[2026-07-16T21:08:28.958+0000] {processor.py:829} INFO - Processing file /opt/airflow/dags/air_quality_pipeline.py for tasks to queue
[2026-07-16T21:08:28.959+0000] {logging_mixin.py:151} INFO - [2026-07-16T21:08:28.958+0000] {dagbag.py:539} INFO - Filling up the DagBag from /opt/airflow/dags/air_quality_pipeline.py
[2026-07-16T21:08:28.962+0000] {logging_mixin.py:151} INFO - [2026-07-16T21:08:28.962+0000] {dagbag.py:347} ERROR - Failed to import: /opt/airflow/dags/air_quality_pipeline.py
Traceback (most recent call last):
  File "/home/airflow/.local/lib/python3.9/site-packages/airflow/models/dagbag.py", line 343, in parse
    loader.exec_module(new_module)
  File "<frozen importlib._bootstrap_external>", line 850, in exec_module
  File "<frozen importlib._bootstrap>", line 228, in _call_with_frames_removed
  File "/opt/airflow/dags/air_quality_pipeline.py", line 21, in <module>
    from extract import extract_air_quality_data
ImportError: cannot import name 'extract_air_quality_data' from 'extract' (/opt/airflow/scripts/extract.py)
[2026-07-16T21:08:28.962+0000] {processor.py:841} WARNING - No viable dags retrieved from /opt/airflow/dags/air_quality_pipeline.py
[2026-07-16T21:08:28.983+0000] {processor.py:179} INFO - Processing /opt/airflow/dags/air_quality_pipeline.py took 0.028 seconds
[2026-07-16T21:08:59.176+0000] {processor.py:157} INFO - Started process (PID=352) to work on /opt/airflow/dags/air_quality_pipeline.py
[2026-07-16T21:08:59.177+0000] {processor.py:829} INFO - Processing file /opt/airflow/dags/air_quality_pipeline.py for tasks to queue
[2026-07-16T21:08:59.178+0000] {logging_mixin.py:151} INFO - [2026-07-16T21:08:59.177+0000] {dagbag.py:539} INFO - Filling up the DagBag from /opt/airflow/dags/air_quality_pipeline.py
[2026-07-16T21:08:59.185+0000] {logging_mixin.py:151} INFO - [2026-07-16T21:08:59.184+0000] {dagbag.py:347} ERROR - Failed to import: /opt/airflow/dags/air_quality_pipeline.py
Traceback (most recent call last):
  File "/home/airflow/.local/lib/python3.9/site-packages/airflow/models/dagbag.py", line 343, in parse
    loader.exec_module(new_module)
  File "<frozen importlib._bootstrap_external>", line 850, in exec_module
  File "<frozen importlib._bootstrap>", line 228, in _call_with_frames_removed
  File "/opt/airflow/dags/air_quality_pipeline.py", line 21, in <module>
    from extract import extract_air_quality_data
ImportError: cannot import name 'extract_air_quality_data' from 'extract' (/opt/airflow/scripts/extract.py)
[2026-07-16T21:08:59.185+0000] {processor.py:841} WARNING - No viable dags retrieved from /opt/airflow/dags/air_quality_pipeline.py
[2026-07-16T21:08:59.214+0000] {processor.py:179} INFO - Processing /opt/airflow/dags/air_quality_pipeline.py took 0.043 seconds
[2026-07-16T21:09:29.378+0000] {processor.py:157} INFO - Started process (PID=357) to work on /opt/airflow/dags/air_quality_pipeline.py
[2026-07-16T21:09:29.379+0000] {processor.py:829} INFO - Processing file /opt/airflow/dags/air_quality_pipeline.py for tasks to queue
[2026-07-16T21:09:29.379+0000] {logging_mixin.py:151} INFO - [2026-07-16T21:09:29.379+0000] {dagbag.py:539} INFO - Filling up the DagBag from /opt/airflow/dags/air_quality_pipeline.py
[2026-07-16T21:09:29.386+0000] {logging_mixin.py:151} INFO - [2026-07-16T21:09:29.385+0000] {dagbag.py:347} ERROR - Failed to import: /opt/airflow/dags/air_quality_pipeline.py
Traceback (most recent call last):
  File "/home/airflow/.local/lib/python3.9/site-packages/airflow/models/dagbag.py", line 343, in parse
    loader.exec_module(new_module)
  File "<frozen importlib._bootstrap_external>", line 850, in exec_module
  File "<frozen importlib._bootstrap>", line 228, in _call_with_frames_removed
  File "/opt/airflow/dags/air_quality_pipeline.py", line 21, in <module>
    from extract import extract_air_quality_data
ImportError: cannot import name 'extract_air_quality_data' from 'extract' (/opt/airflow/scripts/extract.py)
[2026-07-16T21:09:29.386+0000] {processor.py:841} WARNING - No viable dags retrieved from /opt/airflow/dags/air_quality_pipeline.py
[2026-07-16T21:09:29.408+0000] {processor.py:179} INFO - Processing /opt/airflow/dags/air_quality_pipeline.py took 0.034 seconds
[2026-07-16T21:09:59.608+0000] {processor.py:157} INFO - Started process (PID=362) to work on /opt/airflow/dags/air_quality_pipeline.py
[2026-07-16T21:09:59.611+0000] {processor.py:829} INFO - Processing file /opt/airflow/dags/air_quality_pipeline.py for tasks to queue
[2026-07-16T21:09:59.612+0000] {logging_mixin.py:151} INFO - [2026-07-16T21:09:59.612+0000] {dagbag.py:539} INFO - Filling up the DagBag from /opt/airflow/dags/air_quality_pipeline.py
[2026-07-16T21:09:59.621+0000] {logging_mixin.py:151} INFO - [2026-07-16T21:09:59.620+0000] {dagbag.py:347} ERROR - Failed to import: /opt/airflow/dags/air_quality_pipeline.py
Traceback (most recent call last):
  File "/home/airflow/.local/lib/python3.9/site-packages/airflow/models/dagbag.py", line 343, in parse
    loader.exec_module(new_module)
  File "<frozen importlib._bootstrap_external>", line 850, in exec_module
  File "<frozen importlib._bootstrap>", line 228, in _call_with_frames_removed
  File "/opt/airflow/dags/air_quality_pipeline.py", line 21, in <module>
    from extract import extract_air_quality_data
ImportError: cannot import name 'extract_air_quality_data' from 'extract' (/opt/airflow/scripts/extract.py)
[2026-07-16T21:09:59.621+0000] {processor.py:841} WARNING - No viable dags retrieved from /opt/airflow/dags/air_quality_pipeline.py
[2026-07-16T21:09:59.645+0000] {processor.py:179} INFO - Processing /opt/airflow/dags/air_quality_pipeline.py took 0.042 seconds
[2026-07-16T21:10:29.815+0000] {processor.py:157} INFO - Started process (PID=367) to work on /opt/airflow/dags/air_quality_pipeline.py
[2026-07-16T21:10:29.816+0000] {processor.py:829} INFO - Processing file /opt/airflow/dags/air_quality_pipeline.py for tasks to queue
[2026-07-16T21:10:29.816+0000] {logging_mixin.py:151} INFO - [2026-07-16T21:10:29.816+0000] {dagbag.py:539} INFO - Filling up the DagBag from /opt/airflow/dags/air_quality_pipeline.py
[2026-07-16T21:10:29.820+0000] {logging_mixin.py:151} INFO - [2026-07-16T21:10:29.819+0000] {dagbag.py:347} ERROR - Failed to import: /opt/airflow/dags/air_quality_pipeline.py
Traceback (most recent call last):
  File "/home/airflow/.local/lib/python3.9/site-packages/airflow/models/dagbag.py", line 343, in parse
    loader.exec_module(new_module)
  File "<frozen importlib._bootstrap_external>", line 850, in exec_module
  File "<frozen importlib._bootstrap>", line 228, in _call_with_frames_removed
  File "/opt/airflow/dags/air_quality_pipeline.py", line 21, in <module>
    from extract import extract_air_quality_data
ImportError: cannot import name 'extract_air_quality_data' from 'extract' (/opt/airflow/scripts/extract.py)
[2026-07-16T21:10:29.820+0000] {processor.py:841} WARNING - No viable dags retrieved from /opt/airflow/dags/air_quality_pipeline.py
[2026-07-16T21:10:29.843+0000] {processor.py:179} INFO - Processing /opt/airflow/dags/air_quality_pipeline.py took 0.031 seconds
[2026-07-16T21:11:00.049+0000] {processor.py:157} INFO - Started process (PID=372) to work on /opt/airflow/dags/air_quality_pipeline.py
[2026-07-16T21:11:00.052+0000] {processor.py:829} INFO - Processing file /opt/airflow/dags/air_quality_pipeline.py for tasks to queue
[2026-07-16T21:11:00.052+0000] {logging_mixin.py:151} INFO - [2026-07-16T21:11:00.052+0000] {dagbag.py:539} INFO - Filling up the DagBag from /opt/airflow/dags/air_quality_pipeline.py
[2026-07-16T21:11:00.056+0000] {logging_mixin.py:151} INFO - [2026-07-16T21:11:00.056+0000] {dagbag.py:347} ERROR - Failed to import: /opt/airflow/dags/air_quality_pipeline.py
Traceback (most recent call last):
  File "/home/airflow/.local/lib/python3.9/site-packages/airflow/models/dagbag.py", line 343, in parse
    loader.exec_module(new_module)
  File "<frozen importlib._bootstrap_external>", line 850, in exec_module
  File "<frozen importlib._bootstrap>", line 228, in _call_with_frames_removed
  File "/opt/airflow/dags/air_quality_pipeline.py", line 21, in <module>
    from extract import extract_air_quality_data
ImportError: cannot import name 'extract_air_quality_data' from 'extract' (/opt/airflow/scripts/extract.py)
[2026-07-16T21:11:00.057+0000] {processor.py:841} WARNING - No viable dags retrieved from /opt/airflow/dags/air_quality_pipeline.py
[2026-07-16T21:11:00.080+0000] {processor.py:179} INFO - Processing /opt/airflow/dags/air_quality_pipeline.py took 0.034 seconds
[2026-07-16T21:11:30.285+0000] {processor.py:157} INFO - Started process (PID=377) to work on /opt/airflow/dags/air_quality_pipeline.py
[2026-07-16T21:11:30.288+0000] {processor.py:829} INFO - Processing file /opt/airflow/dags/air_quality_pipeline.py for tasks to queue
[2026-07-16T21:11:30.288+0000] {logging_mixin.py:151} INFO - [2026-07-16T21:11:30.288+0000] {dagbag.py:539} INFO - Filling up the DagBag from /opt/airflow/dags/air_quality_pipeline.py
[2026-07-16T21:11:30.293+0000] {logging_mixin.py:151} INFO - [2026-07-16T21:11:30.293+0000] {dagbag.py:347} ERROR - Failed to import: /opt/airflow/dags/air_quality_pipeline.py
Traceback (most recent call last):
  File "/home/airflow/.local/lib/python3.9/site-packages/airflow/models/dagbag.py", line 343, in parse
    loader.exec_module(new_module)
  File "<frozen importlib._bootstrap_external>", line 850, in exec_module
  File "<frozen importlib._bootstrap>", line 228, in _call_with_frames_removed
  File "/opt/airflow/dags/air_quality_pipeline.py", line 21, in <module>
    from extract import extract_air_quality_data
ImportError: cannot import name 'extract_air_quality_data' from 'extract' (/opt/airflow/scripts/extract.py)
[2026-07-16T21:11:30.294+0000] {processor.py:841} WARNING - No viable dags retrieved from /opt/airflow/dags/air_quality_pipeline.py
[2026-07-16T21:11:30.317+0000] {processor.py:179} INFO - Processing /opt/airflow/dags/air_quality_pipeline.py took 0.034 seconds
[2026-07-16T21:12:00.454+0000] {processor.py:157} INFO - Started process (PID=382) to work on /opt/airflow/dags/air_quality_pipeline.py
[2026-07-16T21:12:00.457+0000] {processor.py:829} INFO - Processing file /opt/airflow/dags/air_quality_pipeline.py for tasks to queue
[2026-07-16T21:12:00.458+0000] {logging_mixin.py:151} INFO - [2026-07-16T21:12:00.458+0000] {dagbag.py:539} INFO - Filling up the DagBag from /opt/airflow/dags/air_quality_pipeline.py
[2026-07-16T21:12:00.466+0000] {logging_mixin.py:151} INFO - [2026-07-16T21:12:00.465+0000] {dagbag.py:347} ERROR - Failed to import: /opt/airflow/dags/air_quality_pipeline.py
Traceback (most recent call last):
  File "/home/airflow/.local/lib/python3.9/site-packages/airflow/models/dagbag.py", line 343, in parse
    loader.exec_module(new_module)
  File "<frozen importlib._bootstrap_external>", line 850, in exec_module
  File "<frozen importlib._bootstrap>", line 228, in _call_with_frames_removed
  File "/opt/airflow/dags/air_quality_pipeline.py", line 21, in <module>
    from extract import extract_air_quality_data
ImportError: cannot import name 'extract_air_quality_data' from 'extract' (/opt/airflow/scripts/extract.py)
[2026-07-16T21:12:00.467+0000] {processor.py:841} WARNING - No viable dags retrieved from /opt/airflow/dags/air_quality_pipeline.py
[2026-07-16T21:12:00.495+0000] {processor.py:179} INFO - Processing /opt/airflow/dags/air_quality_pipeline.py took 0.045 seconds
[2026-07-16T21:12:30.686+0000] {processor.py:157} INFO - Started process (PID=387) to work on /opt/airflow/dags/air_quality_pipeline.py
[2026-07-16T21:12:30.688+0000] {processor.py:829} INFO - Processing file /opt/airflow/dags/air_quality_pipeline.py for tasks to queue
[2026-07-16T21:12:30.689+0000] {logging_mixin.py:151} INFO - [2026-07-16T21:12:30.689+0000] {dagbag.py:539} INFO - Filling up the DagBag from /opt/airflow/dags/air_quality_pipeline.py
[2026-07-16T21:12:30.693+0000] {logging_mixin.py:151} INFO - [2026-07-16T21:12:30.693+0000] {dagbag.py:347} ERROR - Failed to import: /opt/airflow/dags/air_quality_pipeline.py
Traceback (most recent call last):
  File "/home/airflow/.local/lib/python3.9/site-packages/airflow/models/dagbag.py", line 343, in parse
    loader.exec_module(new_module)
  File "<frozen importlib._bootstrap_external>", line 850, in exec_module
  File "<frozen importlib._bootstrap>", line 228, in _call_with_frames_removed
  File "/opt/airflow/dags/air_quality_pipeline.py", line 21, in <module>
    from extract import extract_air_quality_data
ImportError: cannot import name 'extract_air_quality_data' from 'extract' (/opt/airflow/scripts/extract.py)
[2026-07-16T21:12:30.694+0000] {processor.py:841} WARNING - No viable dags retrieved from /opt/airflow/dags/air_quality_pipeline.py
[2026-07-16T21:12:30.708+0000] {processor.py:179} INFO - Processing /opt/airflow/dags/air_quality_pipeline.py took 0.027 seconds
[2026-07-16T21:13:00.901+0000] {processor.py:157} INFO - Started process (PID=392) to work on /opt/airflow/dags/air_quality_pipeline.py
[2026-07-16T21:13:00.902+0000] {processor.py:829} INFO - Processing file /opt/airflow/dags/air_quality_pipeline.py for tasks to queue
[2026-07-16T21:13:00.903+0000] {logging_mixin.py:151} INFO - [2026-07-16T21:13:00.903+0000] {dagbag.py:539} INFO - Filling up the DagBag from /opt/airflow/dags/air_quality_pipeline.py
[2026-07-16T21:13:00.908+0000] {logging_mixin.py:151} INFO - [2026-07-16T21:13:00.907+0000] {dagbag.py:347} ERROR - Failed to import: /opt/airflow/dags/air_quality_pipeline.py
Traceback (most recent call last):
  File "/home/airflow/.local/lib/python3.9/site-packages/airflow/models/dagbag.py", line 343, in parse
    loader.exec_module(new_module)
  File "<frozen importlib._bootstrap_external>", line 850, in exec_module
  File "<frozen importlib._bootstrap>", line 228, in _call_with_frames_removed
  File "/opt/airflow/dags/air_quality_pipeline.py", line 21, in <module>
    from extract import extract_air_quality_data
ImportError: cannot import name 'extract_air_quality_data' from 'extract' (/opt/airflow/scripts/extract.py)
[2026-07-16T21:13:00.908+0000] {processor.py:841} WARNING - No viable dags retrieved from /opt/airflow/dags/air_quality_pipeline.py
[2026-07-16T21:13:00.927+0000] {processor.py:179} INFO - Processing /opt/airflow/dags/air_quality_pipeline.py took 0.030 seconds
[2026-07-16T21:13:31.112+0000] {processor.py:157} INFO - Started process (PID=397) to work on /opt/airflow/dags/air_quality_pipeline.py
[2026-07-16T21:13:31.115+0000] {processor.py:829} INFO - Processing file /opt/airflow/dags/air_quality_pipeline.py for tasks to queue
[2026-07-16T21:13:31.116+0000] {logging_mixin.py:151} INFO - [2026-07-16T21:13:31.116+0000] {dagbag.py:539} INFO - Filling up the DagBag from /opt/airflow/dags/air_quality_pipeline.py
[2026-07-16T21:13:31.122+0000] {logging_mixin.py:151} INFO - [2026-07-16T21:13:31.121+0000] {dagbag.py:347} ERROR - Failed to import: /opt/airflow/dags/air_quality_pipeline.py
Traceback (most recent call last):
  File "/home/airflow/.local/lib/python3.9/site-packages/airflow/models/dagbag.py", line 343, in parse
    loader.exec_module(new_module)
  File "<frozen importlib._bootstrap_external>", line 850, in exec_module
  File "<frozen importlib._bootstrap>", line 228, in _call_with_frames_removed
  File "/opt/airflow/dags/air_quality_pipeline.py", line 21, in <module>
    from extract import extract_air_quality_data
ImportError: cannot import name 'extract_air_quality_data' from 'extract' (/opt/airflow/scripts/extract.py)
[2026-07-16T21:13:31.122+0000] {processor.py:841} WARNING - No viable dags retrieved from /opt/airflow/dags/air_quality_pipeline.py
[2026-07-16T21:13:31.143+0000] {processor.py:179} INFO - Processing /opt/airflow/dags/air_quality_pipeline.py took 0.035 seconds
[2026-07-16T21:14:01.313+0000] {processor.py:157} INFO - Started process (PID=402) to work on /opt/airflow/dags/air_quality_pipeline.py
[2026-07-16T21:14:01.314+0000] {processor.py:829} INFO - Processing file /opt/airflow/dags/air_quality_pipeline.py for tasks to queue
[2026-07-16T21:14:01.315+0000] {logging_mixin.py:151} INFO - [2026-07-16T21:14:01.315+0000] {dagbag.py:539} INFO - Filling up the DagBag from /opt/airflow/dags/air_quality_pipeline.py
[2026-07-16T21:14:01.321+0000] {logging_mixin.py:151} INFO - [2026-07-16T21:14:01.320+0000] {dagbag.py:347} ERROR - Failed to import: /opt/airflow/dags/air_quality_pipeline.py
Traceback (most recent call last):
  File "/home/airflow/.local/lib/python3.9/site-packages/airflow/models/dagbag.py", line 343, in parse
    loader.exec_module(new_module)
  File "<frozen importlib._bootstrap_external>", line 850, in exec_module
  File "<frozen importlib._bootstrap>", line 228, in _call_with_frames_removed
  File "/opt/airflow/dags/air_quality_pipeline.py", line 21, in <module>
    from extract import extract_air_quality_data
ImportError: cannot import name 'extract_air_quality_data' from 'extract' (/opt/airflow/scripts/extract.py)
[2026-07-16T21:14:01.321+0000] {processor.py:841} WARNING - No viable dags retrieved from /opt/airflow/dags/air_quality_pipeline.py
[2026-07-16T21:14:01.340+0000] {processor.py:179} INFO - Processing /opt/airflow/dags/air_quality_pipeline.py took 0.032 seconds
[2026-07-16T21:14:31.524+0000] {processor.py:157} INFO - Started process (PID=407) to work on /opt/airflow/dags/air_quality_pipeline.py
[2026-07-16T21:14:31.525+0000] {processor.py:829} INFO - Processing file /opt/airflow/dags/air_quality_pipeline.py for tasks to queue
[2026-07-16T21:14:31.526+0000] {logging_mixin.py:151} INFO - [2026-07-16T21:14:31.526+0000] {dagbag.py:539} INFO - Filling up the DagBag from /opt/airflow/dags/air_quality_pipeline.py
[2026-07-16T21:14:31.534+0000] {logging_mixin.py:151} INFO - [2026-07-16T21:14:31.533+0000] {dagbag.py:347} ERROR - Failed to import: /opt/airflow/dags/air_quality_pipeline.py
Traceback (most recent call last):
  File "/home/airflow/.local/lib/python3.9/site-packages/airflow/models/dagbag.py", line 343, in parse
    loader.exec_module(new_module)
  File "<frozen importlib._bootstrap_external>", line 850, in exec_module
  File "<frozen importlib._bootstrap>", line 228, in _call_with_frames_removed
  File "/opt/airflow/dags/air_quality_pipeline.py", line 21, in <module>
    from extract import extract_air_quality_data
ImportError: cannot import name 'extract_air_quality_data' from 'extract' (/opt/airflow/scripts/extract.py)
[2026-07-16T21:14:31.534+0000] {processor.py:841} WARNING - No viable dags retrieved from /opt/airflow/dags/air_quality_pipeline.py
[2026-07-16T21:14:31.557+0000] {processor.py:179} INFO - Processing /opt/airflow/dags/air_quality_pipeline.py took 0.037 seconds
[2026-07-16T21:15:01.722+0000] {processor.py:157} INFO - Started process (PID=412) to work on /opt/airflow/dags/air_quality_pipeline.py
[2026-07-16T21:15:01.723+0000] {processor.py:829} INFO - Processing file /opt/airflow/dags/air_quality_pipeline.py for tasks to queue
[2026-07-16T21:15:01.724+0000] {logging_mixin.py:151} INFO - [2026-07-16T21:15:01.724+0000] {dagbag.py:539} INFO - Filling up the DagBag from /opt/airflow/dags/air_quality_pipeline.py
[2026-07-16T21:15:01.730+0000] {logging_mixin.py:151} INFO - [2026-07-16T21:15:01.729+0000] {dagbag.py:347} ERROR - Failed to import: /opt/airflow/dags/air_quality_pipeline.py
Traceback (most recent call last):
  File "/home/airflow/.local/lib/python3.9/site-packages/airflow/models/dagbag.py", line 343, in parse
    loader.exec_module(new_module)
  File "<frozen importlib._bootstrap_external>", line 850, in exec_module
  File "<frozen importlib._bootstrap>", line 228, in _call_with_frames_removed
  File "/opt/airflow/dags/air_quality_pipeline.py", line 21, in <module>
    from extract import extract_air_quality_data
ImportError: cannot import name 'extract_air_quality_data' from 'extract' (/opt/airflow/scripts/extract.py)
[2026-07-16T21:15:01.730+0000] {processor.py:841} WARNING - No viable dags retrieved from /opt/airflow/dags/air_quality_pipeline.py
[2026-07-16T21:15:01.752+0000] {processor.py:179} INFO - Processing /opt/airflow/dags/air_quality_pipeline.py took 0.033 seconds
[2026-07-16T21:15:31.894+0000] {processor.py:157} INFO - Started process (PID=417) to work on /opt/airflow/dags/air_quality_pipeline.py
[2026-07-16T21:15:31.896+0000] {processor.py:829} INFO - Processing file /opt/airflow/dags/air_quality_pipeline.py for tasks to queue
[2026-07-16T21:15:31.897+0000] {logging_mixin.py:151} INFO - [2026-07-16T21:15:31.896+0000] {dagbag.py:539} INFO - Filling up the DagBag from /opt/airflow/dags/air_quality_pipeline.py
[2026-07-16T21:15:31.903+0000] {logging_mixin.py:151} INFO - [2026-07-16T21:15:31.901+0000] {dagbag.py:347} ERROR - Failed to import: /opt/airflow/dags/air_quality_pipeline.py
Traceback (most recent call last):
  File "/home/airflow/.local/lib/python3.9/site-packages/airflow/models/dagbag.py", line 343, in parse
    loader.exec_module(new_module)
  File "<frozen importlib._bootstrap_external>", line 850, in exec_module
  File "<frozen importlib._bootstrap>", line 228, in _call_with_frames_removed
  File "/opt/airflow/dags/air_quality_pipeline.py", line 21, in <module>
    from extract import extract_air_quality_data
ImportError: cannot import name 'extract_air_quality_data' from 'extract' (/opt/airflow/scripts/extract.py)
[2026-07-16T21:15:31.903+0000] {processor.py:841} WARNING - No viable dags retrieved from /opt/airflow/dags/air_quality_pipeline.py
[2026-07-16T21:15:31.919+0000] {processor.py:179} INFO - Processing /opt/airflow/dags/air_quality_pipeline.py took 0.028 seconds
[2026-07-16T21:16:02.047+0000] {processor.py:157} INFO - Started process (PID=422) to work on /opt/airflow/dags/air_quality_pipeline.py
[2026-07-16T21:16:02.050+0000] {processor.py:829} INFO - Processing file /opt/airflow/dags/air_quality_pipeline.py for tasks to queue
[2026-07-16T21:16:02.051+0000] {logging_mixin.py:151} INFO - [2026-07-16T21:16:02.051+0000] {dagbag.py:539} INFO - Filling up the DagBag from /opt/airflow/dags/air_quality_pipeline.py
[2026-07-16T21:16:02.057+0000] {logging_mixin.py:151} INFO - [2026-07-16T21:16:02.056+0000] {dagbag.py:347} ERROR - Failed to import: /opt/airflow/dags/air_quality_pipeline.py
Traceback (most recent call last):
  File "/home/airflow/.local/lib/python3.9/site-packages/airflow/models/dagbag.py", line 343, in parse
    loader.exec_module(new_module)
  File "<frozen importlib._bootstrap_external>", line 850, in exec_module
  File "<frozen importlib._bootstrap>", line 228, in _call_with_frames_removed
  File "/opt/airflow/dags/air_quality_pipeline.py", line 21, in <module>
    from extract import extract_air_quality_data
ImportError: cannot import name 'extract_air_quality_data' from 'extract' (/opt/airflow/scripts/extract.py)
[2026-07-16T21:16:02.057+0000] {processor.py:841} WARNING - No viable dags retrieved from /opt/airflow/dags/air_quality_pipeline.py
[2026-07-16T21:16:02.080+0000] {processor.py:179} INFO - Processing /opt/airflow/dags/air_quality_pipeline.py took 0.037 seconds
[2026-07-16T21:16:32.252+0000] {processor.py:157} INFO - Started process (PID=427) to work on /opt/airflow/dags/air_quality_pipeline.py
[2026-07-16T21:16:32.254+0000] {processor.py:829} INFO - Processing file /opt/airflow/dags/air_quality_pipeline.py for tasks to queue
[2026-07-16T21:16:32.255+0000] {logging_mixin.py:151} INFO - [2026-07-16T21:16:32.255+0000] {dagbag.py:539} INFO - Filling up the DagBag from /opt/airflow/dags/air_quality_pipeline.py
[2026-07-16T21:16:32.259+0000] {logging_mixin.py:151} INFO - [2026-07-16T21:16:32.258+0000] {dagbag.py:347} ERROR - Failed to import: /opt/airflow/dags/air_quality_pipeline.py
Traceback (most recent call last):
  File "/home/airflow/.local/lib/python3.9/site-packages/airflow/models/dagbag.py", line 343, in parse
    loader.exec_module(new_module)
  File "<frozen importlib._bootstrap_external>", line 850, in exec_module
  File "<frozen importlib._bootstrap>", line 228, in _call_with_frames_removed
  File "/opt/airflow/dags/air_quality_pipeline.py", line 21, in <module>
    from extract import extract_air_quality_data
ImportError: cannot import name 'extract_air_quality_data' from 'extract' (/opt/airflow/scripts/extract.py)
[2026-07-16T21:16:32.259+0000] {processor.py:841} WARNING - No viable dags retrieved from /opt/airflow/dags/air_quality_pipeline.py
[2026-07-16T21:16:32.276+0000] {processor.py:179} INFO - Processing /opt/airflow/dags/air_quality_pipeline.py took 0.026 seconds
[2026-07-16T21:17:02.417+0000] {processor.py:157} INFO - Started process (PID=432) to work on /opt/airflow/dags/air_quality_pipeline.py
[2026-07-16T21:17:02.420+0000] {processor.py:829} INFO - Processing file /opt/airflow/dags/air_quality_pipeline.py for tasks to queue
[2026-07-16T21:17:02.421+0000] {logging_mixin.py:151} INFO - [2026-07-16T21:17:02.420+0000] {dagbag.py:539} INFO - Filling up the DagBag from /opt/airflow/dags/air_quality_pipeline.py
[2026-07-16T21:17:02.425+0000] {logging_mixin.py:151} INFO - [2026-07-16T21:17:02.425+0000] {dagbag.py:347} ERROR - Failed to import: /opt/airflow/dags/air_quality_pipeline.py
Traceback (most recent call last):
  File "/home/airflow/.local/lib/python3.9/site-packages/airflow/models/dagbag.py", line 343, in parse
    loader.exec_module(new_module)
  File "<frozen importlib._bootstrap_external>", line 850, in exec_module
  File "<frozen importlib._bootstrap>", line 228, in _call_with_frames_removed
  File "/opt/airflow/dags/air_quality_pipeline.py", line 21, in <module>
    from extract import extract_air_quality_data
ImportError: cannot import name 'extract_air_quality_data' from 'extract' (/opt/airflow/scripts/extract.py)
[2026-07-16T21:17:02.426+0000] {processor.py:841} WARNING - No viable dags retrieved from /opt/airflow/dags/air_quality_pipeline.py
[2026-07-16T21:17:02.444+0000] {processor.py:179} INFO - Processing /opt/airflow/dags/air_quality_pipeline.py took 0.029 seconds
[2026-07-16T21:17:32.604+0000] {processor.py:157} INFO - Started process (PID=437) to work on /opt/airflow/dags/air_quality_pipeline.py
[2026-07-16T21:17:32.607+0000] {processor.py:829} INFO - Processing file /opt/airflow/dags/air_quality_pipeline.py for tasks to queue
[2026-07-16T21:17:32.607+0000] {logging_mixin.py:151} INFO - [2026-07-16T21:17:32.607+0000] {dagbag.py:539} INFO - Filling up the DagBag from /opt/airflow/dags/air_quality_pipeline.py
[2026-07-16T21:17:32.612+0000] {logging_mixin.py:151} INFO - [2026-07-16T21:17:32.611+0000] {dagbag.py:347} ERROR - Failed to import: /opt/airflow/dags/air_quality_pipeline.py
Traceback (most recent call last):
  File "/home/airflow/.local/lib/python3.9/site-packages/airflow/models/dagbag.py", line 343, in parse
    loader.exec_module(new_module)
  File "<frozen importlib._bootstrap_external>", line 850, in exec_module
  File "<frozen importlib._bootstrap>", line 228, in _call_with_frames_removed
  File "/opt/airflow/dags/air_quality_pipeline.py", line 21, in <module>
    from extract import extract_air_quality_data
ImportError: cannot import name 'extract_air_quality_data' from 'extract' (/opt/airflow/scripts/extract.py)
[2026-07-16T21:17:32.612+0000] {processor.py:841} WARNING - No viable dags retrieved from /opt/airflow/dags/air_quality_pipeline.py
[2026-07-16T21:17:32.631+0000] {processor.py:179} INFO - Processing /opt/airflow/dags/air_quality_pipeline.py took 0.029 seconds
[2026-07-16T21:18:02.801+0000] {processor.py:157} INFO - Started process (PID=442) to work on /opt/airflow/dags/air_quality_pipeline.py
[2026-07-16T21:18:02.804+0000] {processor.py:829} INFO - Processing file /opt/airflow/dags/air_quality_pipeline.py for tasks to queue
[2026-07-16T21:18:02.804+0000] {logging_mixin.py:151} INFO - [2026-07-16T21:18:02.804+0000] {dagbag.py:539} INFO - Filling up the DagBag from /opt/airflow/dags/air_quality_pipeline.py
[2026-07-16T21:18:02.810+0000] {logging_mixin.py:151} INFO - [2026-07-16T21:18:02.810+0000] {dagbag.py:347} ERROR - Failed to import: /opt/airflow/dags/air_quality_pipeline.py
Traceback (most recent call last):
  File "/home/airflow/.local/lib/python3.9/site-packages/airflow/models/dagbag.py", line 343, in parse
    loader.exec_module(new_module)
  File "<frozen importlib._bootstrap_external>", line 850, in exec_module
  File "<frozen importlib._bootstrap>", line 228, in _call_with_frames_removed
  File "/opt/airflow/dags/air_quality_pipeline.py", line 21, in <module>
    from extract import extract_air_quality_data
ImportError: cannot import name 'extract_air_quality_data' from 'extract' (/opt/airflow/scripts/extract.py)
[2026-07-16T21:18:02.811+0000] {processor.py:841} WARNING - No viable dags retrieved from /opt/airflow/dags/air_quality_pipeline.py
[2026-07-16T21:18:02.825+0000] {processor.py:179} INFO - Processing /opt/airflow/dags/air_quality_pipeline.py took 0.028 seconds
[2026-07-16T21:18:33.029+0000] {processor.py:157} INFO - Started process (PID=447) to work on /opt/airflow/dags/air_quality_pipeline.py
[2026-07-16T21:18:33.032+0000] {processor.py:829} INFO - Processing file /opt/airflow/dags/air_quality_pipeline.py for tasks to queue
[2026-07-16T21:18:33.033+0000] {logging_mixin.py:151} INFO - [2026-07-16T21:18:33.033+0000] {dagbag.py:539} INFO - Filling up the DagBag from /opt/airflow/dags/air_quality_pipeline.py
[2026-07-16T21:18:33.041+0000] {logging_mixin.py:151} INFO - [2026-07-16T21:18:33.040+0000] {dagbag.py:347} ERROR - Failed to import: /opt/airflow/dags/air_quality_pipeline.py
Traceback (most recent call last):
  File "/home/airflow/.local/lib/python3.9/site-packages/airflow/models/dagbag.py", line 343, in parse
    loader.exec_module(new_module)
  File "<frozen importlib._bootstrap_external>", line 850, in exec_module
  File "<frozen importlib._bootstrap>", line 228, in _call_with_frames_removed
  File "/opt/airflow/dags/air_quality_pipeline.py", line 21, in <module>
    from extract import extract_air_quality_data
ImportError: cannot import name 'extract_air_quality_data' from 'extract' (/opt/airflow/scripts/extract.py)
[2026-07-16T21:18:33.041+0000] {processor.py:841} WARNING - No viable dags retrieved from /opt/airflow/dags/air_quality_pipeline.py
[2026-07-16T21:18:33.071+0000] {processor.py:179} INFO - Processing /opt/airflow/dags/air_quality_pipeline.py took 0.046 seconds
[2026-07-16T21:19:03.235+0000] {processor.py:157} INFO - Started process (PID=452) to work on /opt/airflow/dags/air_quality_pipeline.py
[2026-07-16T21:19:03.238+0000] {processor.py:829} INFO - Processing file /opt/airflow/dags/air_quality_pipeline.py for tasks to queue
[2026-07-16T21:19:03.238+0000] {logging_mixin.py:151} INFO - [2026-07-16T21:19:03.238+0000] {dagbag.py:539} INFO - Filling up the DagBag from /opt/airflow/dags/air_quality_pipeline.py
[2026-07-16T21:19:03.242+0000] {logging_mixin.py:151} INFO - [2026-07-16T21:19:03.241+0000] {dagbag.py:347} ERROR - Failed to import: /opt/airflow/dags/air_quality_pipeline.py
Traceback (most recent call last):
  File "/home/airflow/.local/lib/python3.9/site-packages/airflow/models/dagbag.py", line 343, in parse
    loader.exec_module(new_module)
  File "<frozen importlib._bootstrap_external>", line 850, in exec_module
  File "<frozen importlib._bootstrap>", line 228, in _call_with_frames_removed
  File "/opt/airflow/dags/air_quality_pipeline.py", line 21, in <module>
    from extract import extract_air_quality_data
ImportError: cannot import name 'extract_air_quality_data' from 'extract' (/opt/airflow/scripts/extract.py)
[2026-07-16T21:19:03.242+0000] {processor.py:841} WARNING - No viable dags retrieved from /opt/airflow/dags/air_quality_pipeline.py
[2026-07-16T21:19:03.265+0000] {processor.py:179} INFO - Processing /opt/airflow/dags/air_quality_pipeline.py took 0.033 seconds
[2026-07-16T21:19:33.446+0000] {processor.py:157} INFO - Started process (PID=457) to work on /opt/airflow/dags/air_quality_pipeline.py
[2026-07-16T21:19:33.448+0000] {processor.py:829} INFO - Processing file /opt/airflow/dags/air_quality_pipeline.py for tasks to queue
[2026-07-16T21:19:33.449+0000] {logging_mixin.py:151} INFO - [2026-07-16T21:19:33.449+0000] {dagbag.py:539} INFO - Filling up the DagBag from /opt/airflow/dags/air_quality_pipeline.py
[2026-07-16T21:19:33.455+0000] {logging_mixin.py:151} INFO - [2026-07-16T21:19:33.454+0000] {dagbag.py:347} ERROR - Failed to import: /opt/airflow/dags/air_quality_pipeline.py
Traceback (most recent call last):
  File "/home/airflow/.local/lib/python3.9/site-packages/airflow/models/dagbag.py", line 343, in parse
    loader.exec_module(new_module)
  File "<frozen importlib._bootstrap_external>", line 850, in exec_module
  File "<frozen importlib._bootstrap>", line 228, in _call_with_frames_removed
  File "/opt/airflow/dags/air_quality_pipeline.py", line 21, in <module>
    from extract import extract_air_quality_data
ImportError: cannot import name 'extract_air_quality_data' from 'extract' (/opt/airflow/scripts/extract.py)
[2026-07-16T21:19:33.455+0000] {processor.py:841} WARNING - No viable dags retrieved from /opt/airflow/dags/air_quality_pipeline.py
[2026-07-16T21:19:33.481+0000] {processor.py:179} INFO - Processing /opt/airflow/dags/air_quality_pipeline.py took 0.037 seconds
[2026-07-16T21:20:03.650+0000] {processor.py:157} INFO - Started process (PID=462) to work on /opt/airflow/dags/air_quality_pipeline.py
[2026-07-16T21:20:03.652+0000] {processor.py:829} INFO - Processing file /opt/airflow/dags/air_quality_pipeline.py for tasks to queue
[2026-07-16T21:20:03.653+0000] {logging_mixin.py:151} INFO - [2026-07-16T21:20:03.653+0000] {dagbag.py:539} INFO - Filling up the DagBag from /opt/airflow/dags/air_quality_pipeline.py
[2026-07-16T21:20:03.657+0000] {logging_mixin.py:151} INFO - [2026-07-16T21:20:03.656+0000] {dagbag.py:347} ERROR - Failed to import: /opt/airflow/dags/air_quality_pipeline.py
Traceback (most recent call last):
  File "/home/airflow/.local/lib/python3.9/site-packages/airflow/models/dagbag.py", line 343, in parse
    loader.exec_module(new_module)
  File "<frozen importlib._bootstrap_external>", line 850, in exec_module
  File "<frozen importlib._bootstrap>", line 228, in _call_with_frames_removed
  File "/opt/airflow/dags/air_quality_pipeline.py", line 21, in <module>
    from extract import extract_air_quality_data
ImportError: cannot import name 'extract_air_quality_data' from 'extract' (/opt/airflow/scripts/extract.py)
[2026-07-16T21:20:03.657+0000] {processor.py:841} WARNING - No viable dags retrieved from /opt/airflow/dags/air_quality_pipeline.py
[2026-07-16T21:20:03.679+0000] {processor.py:179} INFO - Processing /opt/airflow/dags/air_quality_pipeline.py took 0.032 seconds
[2026-07-16T21:20:33.862+0000] {processor.py:157} INFO - Started process (PID=467) to work on /opt/airflow/dags/air_quality_pipeline.py
[2026-07-16T21:20:33.864+0000] {processor.py:829} INFO - Processing file /opt/airflow/dags/air_quality_pipeline.py for tasks to queue
[2026-07-16T21:20:33.865+0000] {logging_mixin.py:151} INFO - [2026-07-16T21:20:33.864+0000] {dagbag.py:539} INFO - Filling up the DagBag from /opt/airflow/dags/air_quality_pipeline.py
[2026-07-16T21:20:33.871+0000] {logging_mixin.py:151} INFO - [2026-07-16T21:20:33.870+0000] {dagbag.py:347} ERROR - Failed to import: /opt/airflow/dags/air_quality_pipeline.py
Traceback (most recent call last):
  File "/home/airflow/.local/lib/python3.9/site-packages/airflow/models/dagbag.py", line 343, in parse
    loader.exec_module(new_module)
  File "<frozen importlib._bootstrap_external>", line 850, in exec_module
  File "<frozen importlib._bootstrap>", line 228, in _call_with_frames_removed
  File "/opt/airflow/dags/air_quality_pipeline.py", line 21, in <module>
    from extract import extract_air_quality_data
ImportError: cannot import name 'extract_air_quality_data' from 'extract' (/opt/airflow/scripts/extract.py)
[2026-07-16T21:20:33.871+0000] {processor.py:841} WARNING - No viable dags retrieved from /opt/airflow/dags/air_quality_pipeline.py
[2026-07-16T21:20:33.897+0000] {processor.py:179} INFO - Processing /opt/airflow/dags/air_quality_pipeline.py took 0.037 seconds
[2026-07-16T21:21:04.030+0000] {processor.py:157} INFO - Started process (PID=472) to work on /opt/airflow/dags/air_quality_pipeline.py
[2026-07-16T21:21:04.031+0000] {processor.py:829} INFO - Processing file /opt/airflow/dags/air_quality_pipeline.py for tasks to queue
[2026-07-16T21:21:04.032+0000] {logging_mixin.py:151} INFO - [2026-07-16T21:21:04.032+0000] {dagbag.py:539} INFO - Filling up the DagBag from /opt/airflow/dags/air_quality_pipeline.py
[2026-07-16T21:21:04.041+0000] {logging_mixin.py:151} INFO - [2026-07-16T21:21:04.040+0000] {dagbag.py:347} ERROR - Failed to import: /opt/airflow/dags/air_quality_pipeline.py
Traceback (most recent call last):
  File "/home/airflow/.local/lib/python3.9/site-packages/airflow/models/dagbag.py", line 343, in parse
    loader.exec_module(new_module)
  File "<frozen importlib._bootstrap_external>", line 850, in exec_module
  File "<frozen importlib._bootstrap>", line 228, in _call_with_frames_removed
  File "/opt/airflow/dags/air_quality_pipeline.py", line 21, in <module>
    from extract import extract_air_quality_data
ImportError: cannot import name 'extract_air_quality_data' from 'extract' (/opt/airflow/scripts/extract.py)
[2026-07-16T21:21:04.042+0000] {processor.py:841} WARNING - No viable dags retrieved from /opt/airflow/dags/air_quality_pipeline.py
[2026-07-16T21:21:04.068+0000] {processor.py:179} INFO - Processing /opt/airflow/dags/air_quality_pipeline.py took 0.046 seconds
[2026-07-16T21:21:34.238+0000] {processor.py:157} INFO - Started process (PID=477) to work on /opt/airflow/dags/air_quality_pipeline.py
[2026-07-16T21:21:34.239+0000] {processor.py:829} INFO - Processing file /opt/airflow/dags/air_quality_pipeline.py for tasks to queue
[2026-07-16T21:21:34.239+0000] {logging_mixin.py:151} INFO - [2026-07-16T21:21:34.239+0000] {dagbag.py:539} INFO - Filling up the DagBag from /opt/airflow/dags/air_quality_pipeline.py
[2026-07-16T21:21:34.247+0000] {logging_mixin.py:151} INFO - [2026-07-16T21:21:34.245+0000] {dagbag.py:347} ERROR - Failed to import: /opt/airflow/dags/air_quality_pipeline.py
Traceback (most recent call last):
  File "/home/airflow/.local/lib/python3.9/site-packages/airflow/models/dagbag.py", line 343, in parse
    loader.exec_module(new_module)
  File "<frozen importlib._bootstrap_external>", line 850, in exec_module
  File "<frozen importlib._bootstrap>", line 228, in _call_with_frames_removed
  File "/opt/airflow/dags/air_quality_pipeline.py", line 21, in <module>
    from extract import extract_air_quality_data
ImportError: cannot import name 'extract_air_quality_data' from 'extract' (/opt/airflow/scripts/extract.py)
[2026-07-16T21:21:34.247+0000] {processor.py:841} WARNING - No viable dags retrieved from /opt/airflow/dags/air_quality_pipeline.py
[2026-07-16T21:21:34.265+0000] {processor.py:179} INFO - Processing /opt/airflow/dags/air_quality_pipeline.py took 0.032 seconds
[2026-07-16T21:22:04.426+0000] {processor.py:157} INFO - Started process (PID=482) to work on /opt/airflow/dags/air_quality_pipeline.py
[2026-07-16T21:22:04.429+0000] {processor.py:829} INFO - Processing file /opt/airflow/dags/air_quality_pipeline.py for tasks to queue
[2026-07-16T21:22:04.431+0000] {logging_mixin.py:151} INFO - [2026-07-16T21:22:04.430+0000] {dagbag.py:539} INFO - Filling up the DagBag from /opt/airflow/dags/air_quality_pipeline.py
[2026-07-16T21:22:04.440+0000] {logging_mixin.py:151} INFO - [2026-07-16T21:22:04.438+0000] {dagbag.py:347} ERROR - Failed to import: /opt/airflow/dags/air_quality_pipeline.py
Traceback (most recent call last):
  File "/home/airflow/.local/lib/python3.9/site-packages/airflow/models/dagbag.py", line 343, in parse
    loader.exec_module(new_module)
  File "<frozen importlib._bootstrap_external>", line 850, in exec_module
  File "<frozen importlib._bootstrap>", line 228, in _call_with_frames_removed
  File "/opt/airflow/dags/air_quality_pipeline.py", line 21, in <module>
    from extract import extract_air_quality_data
ImportError: cannot import name 'extract_air_quality_data' from 'extract' (/opt/airflow/scripts/extract.py)
[2026-07-16T21:22:04.440+0000] {processor.py:841} WARNING - No viable dags retrieved from /opt/airflow/dags/air_quality_pipeline.py
[2026-07-16T21:22:04.468+0000] {processor.py:179} INFO - Processing /opt/airflow/dags/air_quality_pipeline.py took 0.047 seconds
[2026-07-16T21:22:34.617+0000] {processor.py:157} INFO - Started process (PID=487) to work on /opt/airflow/dags/air_quality_pipeline.py
[2026-07-16T21:22:34.619+0000] {processor.py:829} INFO - Processing file /opt/airflow/dags/air_quality_pipeline.py for tasks to queue
[2026-07-16T21:22:34.621+0000] {logging_mixin.py:151} INFO - [2026-07-16T21:22:34.620+0000] {dagbag.py:539} INFO - Filling up the DagBag from /opt/airflow/dags/air_quality_pipeline.py
[2026-07-16T21:22:34.629+0000] {logging_mixin.py:151} INFO - [2026-07-16T21:22:34.628+0000] {dagbag.py:347} ERROR - Failed to import: /opt/airflow/dags/air_quality_pipeline.py
Traceback (most recent call last):
  File "/home/airflow/.local/lib/python3.9/site-packages/airflow/models/dagbag.py", line 343, in parse
    loader.exec_module(new_module)
  File "<frozen importlib._bootstrap_external>", line 850, in exec_module
  File "<frozen importlib._bootstrap>", line 228, in _call_with_frames_removed
  File "/opt/airflow/dags/air_quality_pipeline.py", line 21, in <module>
    from extract import extract_air_quality_data
ImportError: cannot import name 'extract_air_quality_data' from 'extract' (/opt/airflow/scripts/extract.py)
[2026-07-16T21:22:34.629+0000] {processor.py:841} WARNING - No viable dags retrieved from /opt/airflow/dags/air_quality_pipeline.py
[2026-07-16T21:22:34.651+0000] {processor.py:179} INFO - Processing /opt/airflow/dags/air_quality_pipeline.py took 0.038 seconds
[2026-07-16T21:23:04.860+0000] {processor.py:157} INFO - Started process (PID=492) to work on /opt/airflow/dags/air_quality_pipeline.py
[2026-07-16T21:23:04.863+0000] {processor.py:829} INFO - Processing file /opt/airflow/dags/air_quality_pipeline.py for tasks to queue
[2026-07-16T21:23:04.863+0000] {logging_mixin.py:151} INFO - [2026-07-16T21:23:04.863+0000] {dagbag.py:539} INFO - Filling up the DagBag from /opt/airflow/dags/air_quality_pipeline.py
[2026-07-16T21:23:04.867+0000] {logging_mixin.py:151} INFO - [2026-07-16T21:23:04.866+0000] {dagbag.py:347} ERROR - Failed to import: /opt/airflow/dags/air_quality_pipeline.py
Traceback (most recent call last):
  File "/home/airflow/.local/lib/python3.9/site-packages/airflow/models/dagbag.py", line 343, in parse
    loader.exec_module(new_module)
  File "<frozen importlib._bootstrap_external>", line 850, in exec_module
  File "<frozen importlib._bootstrap>", line 228, in _call_with_frames_removed
  File "/opt/airflow/dags/air_quality_pipeline.py", line 21, in <module>
    from extract import extract_air_quality_data
ImportError: cannot import name 'extract_air_quality_data' from 'extract' (/opt/airflow/scripts/extract.py)
[2026-07-16T21:23:04.867+0000] {processor.py:841} WARNING - No viable dags retrieved from /opt/airflow/dags/air_quality_pipeline.py
[2026-07-16T21:23:04.885+0000] {processor.py:179} INFO - Processing /opt/airflow/dags/air_quality_pipeline.py took 0.028 seconds
[2026-07-16T21:23:35.094+0000] {processor.py:157} INFO - Started process (PID=497) to work on /opt/airflow/dags/air_quality_pipeline.py
[2026-07-16T21:23:35.097+0000] {processor.py:829} INFO - Processing file /opt/airflow/dags/air_quality_pipeline.py for tasks to queue
[2026-07-16T21:23:35.098+0000] {logging_mixin.py:151} INFO - [2026-07-16T21:23:35.097+0000] {dagbag.py:539} INFO - Filling up the DagBag from /opt/airflow/dags/air_quality_pipeline.py
[2026-07-16T21:23:35.106+0000] {logging_mixin.py:151} INFO - [2026-07-16T21:23:35.105+0000] {dagbag.py:347} ERROR - Failed to import: /opt/airflow/dags/air_quality_pipeline.py
Traceback (most recent call last):
  File "/home/airflow/.local/lib/python3.9/site-packages/airflow/models/dagbag.py", line 343, in parse
    loader.exec_module(new_module)
  File "<frozen importlib._bootstrap_external>", line 850, in exec_module
  File "<frozen importlib._bootstrap>", line 228, in _call_with_frames_removed
  File "/opt/airflow/dags/air_quality_pipeline.py", line 21, in <module>
    from extract import extract_air_quality_data
ImportError: cannot import name 'extract_air_quality_data' from 'extract' (/opt/airflow/scripts/extract.py)
[2026-07-16T21:23:35.107+0000] {processor.py:841} WARNING - No viable dags retrieved from /opt/airflow/dags/air_quality_pipeline.py
[2026-07-16T21:23:35.133+0000] {processor.py:179} INFO - Processing /opt/airflow/dags/air_quality_pipeline.py took 0.046 seconds
[2026-07-16T21:24:05.305+0000] {processor.py:157} INFO - Started process (PID=502) to work on /opt/airflow/dags/air_quality_pipeline.py
[2026-07-16T21:24:05.308+0000] {processor.py:829} INFO - Processing file /opt/airflow/dags/air_quality_pipeline.py for tasks to queue
[2026-07-16T21:24:05.309+0000] {logging_mixin.py:151} INFO - [2026-07-16T21:24:05.309+0000] {dagbag.py:539} INFO - Filling up the DagBag from /opt/airflow/dags/air_quality_pipeline.py
[2026-07-16T21:24:05.315+0000] {logging_mixin.py:151} INFO - [2026-07-16T21:24:05.314+0000] {dagbag.py:347} ERROR - Failed to import: /opt/airflow/dags/air_quality_pipeline.py
Traceback (most recent call last):
  File "/home/airflow/.local/lib/python3.9/site-packages/airflow/models/dagbag.py", line 343, in parse
    loader.exec_module(new_module)
  File "<frozen importlib._bootstrap_external>", line 850, in exec_module
  File "<frozen importlib._bootstrap>", line 228, in _call_with_frames_removed
  File "/opt/airflow/dags/air_quality_pipeline.py", line 21, in <module>
    from extract import extract_air_quality_data
ImportError: cannot import name 'extract_air_quality_data' from 'extract' (/opt/airflow/scripts/extract.py)
[2026-07-16T21:24:05.315+0000] {processor.py:841} WARNING - No viable dags retrieved from /opt/airflow/dags/air_quality_pipeline.py
[2026-07-16T21:24:05.334+0000] {processor.py:179} INFO - Processing /opt/airflow/dags/air_quality_pipeline.py took 0.032 seconds
[2026-07-16T21:24:35.480+0000] {processor.py:157} INFO - Started process (PID=507) to work on /opt/airflow/dags/air_quality_pipeline.py
[2026-07-16T21:24:35.481+0000] {processor.py:829} INFO - Processing file /opt/airflow/dags/air_quality_pipeline.py for tasks to queue
[2026-07-16T21:24:35.482+0000] {logging_mixin.py:151} INFO - [2026-07-16T21:24:35.482+0000] {dagbag.py:539} INFO - Filling up the DagBag from /opt/airflow/dags/air_quality_pipeline.py
[2026-07-16T21:24:35.489+0000] {logging_mixin.py:151} INFO - [2026-07-16T21:24:35.488+0000] {dagbag.py:347} ERROR - Failed to import: /opt/airflow/dags/air_quality_pipeline.py
Traceback (most recent call last):
  File "/home/airflow/.local/lib/python3.9/site-packages/airflow/models/dagbag.py", line 343, in parse
    loader.exec_module(new_module)
  File "<frozen importlib._bootstrap_external>", line 850, in exec_module
  File "<frozen importlib._bootstrap>", line 228, in _call_with_frames_removed
  File "/opt/airflow/dags/air_quality_pipeline.py", line 21, in <module>
    from extract import extract_air_quality_data
ImportError: cannot import name 'extract_air_quality_data' from 'extract' (/opt/airflow/scripts/extract.py)
[2026-07-16T21:24:35.489+0000] {processor.py:841} WARNING - No viable dags retrieved from /opt/airflow/dags/air_quality_pipeline.py
[2026-07-16T21:24:35.507+0000] {processor.py:179} INFO - Processing /opt/airflow/dags/air_quality_pipeline.py took 0.032 seconds
[2026-07-16T21:25:05.661+0000] {processor.py:157} INFO - Started process (PID=512) to work on /opt/airflow/dags/air_quality_pipeline.py
[2026-07-16T21:25:05.664+0000] {processor.py:829} INFO - Processing file /opt/airflow/dags/air_quality_pipeline.py for tasks to queue
[2026-07-16T21:25:05.665+0000] {logging_mixin.py:151} INFO - [2026-07-16T21:25:05.664+0000] {dagbag.py:539} INFO - Filling up the DagBag from /opt/airflow/dags/air_quality_pipeline.py
[2026-07-16T21:25:05.672+0000] {logging_mixin.py:151} INFO - [2026-07-16T21:25:05.671+0000] {dagbag.py:347} ERROR - Failed to import: /opt/airflow/dags/air_quality_pipeline.py
Traceback (most recent call last):
  File "/home/airflow/.local/lib/python3.9/site-packages/airflow/models/dagbag.py", line 343, in parse
    loader.exec_module(new_module)
  File "<frozen importlib._bootstrap_external>", line 850, in exec_module
  File "<frozen importlib._bootstrap>", line 228, in _call_with_frames_removed
  File "/opt/airflow/dags/air_quality_pipeline.py", line 21, in <module>
    from extract import extract_air_quality_data
ImportError: cannot import name 'extract_air_quality_data' from 'extract' (/opt/airflow/scripts/extract.py)
[2026-07-16T21:25:05.672+0000] {processor.py:841} WARNING - No viable dags retrieved from /opt/airflow/dags/air_quality_pipeline.py
[2026-07-16T21:25:05.694+0000] {processor.py:179} INFO - Processing /opt/airflow/dags/air_quality_pipeline.py took 0.037 seconds
[2026-07-16T21:25:35.875+0000] {processor.py:157} INFO - Started process (PID=517) to work on /opt/airflow/dags/air_quality_pipeline.py
[2026-07-16T21:25:35.878+0000] {processor.py:829} INFO - Processing file /opt/airflow/dags/air_quality_pipeline.py for tasks to queue
[2026-07-16T21:25:35.879+0000] {logging_mixin.py:151} INFO - [2026-07-16T21:25:35.878+0000] {dagbag.py:539} INFO - Filling up the DagBag from /opt/airflow/dags/air_quality_pipeline.py
[2026-07-16T21:25:35.887+0000] {logging_mixin.py:151} INFO - [2026-07-16T21:25:35.886+0000] {dagbag.py:347} ERROR - Failed to import: /opt/airflow/dags/air_quality_pipeline.py
Traceback (most recent call last):
  File "/home/airflow/.local/lib/python3.9/site-packages/airflow/models/dagbag.py", line 343, in parse
    loader.exec_module(new_module)
  File "<frozen importlib._bootstrap_external>", line 850, in exec_module
  File "<frozen importlib._bootstrap>", line 228, in _call_with_frames_removed
  File "/opt/airflow/dags/air_quality_pipeline.py", line 21, in <module>
    from extract import extract_air_quality_data
ImportError: cannot import name 'extract_air_quality_data' from 'extract' (/opt/airflow/scripts/extract.py)
[2026-07-16T21:25:35.887+0000] {processor.py:841} WARNING - No viable dags retrieved from /opt/airflow/dags/air_quality_pipeline.py
[2026-07-16T21:25:35.921+0000] {processor.py:179} INFO - Processing /opt/airflow/dags/air_quality_pipeline.py took 0.050 seconds
[2026-07-16T21:26:06.043+0000] {processor.py:157} INFO - Started process (PID=522) to work on /opt/airflow/dags/air_quality_pipeline.py
[2026-07-16T21:26:06.044+0000] {processor.py:829} INFO - Processing file /opt/airflow/dags/air_quality_pipeline.py for tasks to queue
[2026-07-16T21:26:06.045+0000] {logging_mixin.py:151} INFO - [2026-07-16T21:26:06.045+0000] {dagbag.py:539} INFO - Filling up the DagBag from /opt/airflow/dags/air_quality_pipeline.py
[2026-07-16T21:26:06.049+0000] {logging_mixin.py:151} INFO - [2026-07-16T21:26:06.048+0000] {dagbag.py:347} ERROR - Failed to import: /opt/airflow/dags/air_quality_pipeline.py
Traceback (most recent call last):
  File "/home/airflow/.local/lib/python3.9/site-packages/airflow/models/dagbag.py", line 343, in parse
    loader.exec_module(new_module)
  File "<frozen importlib._bootstrap_external>", line 850, in exec_module
  File "<frozen importlib._bootstrap>", line 228, in _call_with_frames_removed
  File "/opt/airflow/dags/air_quality_pipeline.py", line 21, in <module>
    from extract import extract_air_quality_data
ImportError: cannot import name 'extract_air_quality_data' from 'extract' (/opt/airflow/scripts/extract.py)
[2026-07-16T21:26:06.049+0000] {processor.py:841} WARNING - No viable dags retrieved from /opt/airflow/dags/air_quality_pipeline.py
[2026-07-16T21:26:06.072+0000] {processor.py:179} INFO - Processing /opt/airflow/dags/air_quality_pipeline.py took 0.033 seconds
[2026-07-16T21:26:36.263+0000] {processor.py:157} INFO - Started process (PID=527) to work on /opt/airflow/dags/air_quality_pipeline.py
[2026-07-16T21:26:36.263+0000] {processor.py:829} INFO - Processing file /opt/airflow/dags/air_quality_pipeline.py for tasks to queue
[2026-07-16T21:26:36.265+0000] {logging_mixin.py:151} INFO - [2026-07-16T21:26:36.264+0000] {dagbag.py:539} INFO - Filling up the DagBag from /opt/airflow/dags/air_quality_pipeline.py
[2026-07-16T21:26:36.278+0000] {logging_mixin.py:151} INFO - [2026-07-16T21:26:36.276+0000] {dagbag.py:347} ERROR - Failed to import: /opt/airflow/dags/air_quality_pipeline.py
Traceback (most recent call last):
  File "/home/airflow/.local/lib/python3.9/site-packages/airflow/models/dagbag.py", line 343, in parse
    loader.exec_module(new_module)
  File "<frozen importlib._bootstrap_external>", line 850, in exec_module
  File "<frozen importlib._bootstrap>", line 228, in _call_with_frames_removed
  File "/opt/airflow/dags/air_quality_pipeline.py", line 21, in <module>
    from extract import extract_air_quality_data
ImportError: cannot import name 'extract_air_quality_data' from 'extract' (/opt/airflow/scripts/extract.py)
[2026-07-16T21:26:36.278+0000] {processor.py:841} WARNING - No viable dags retrieved from /opt/airflow/dags/air_quality_pipeline.py
[2026-07-16T21:26:36.303+0000] {processor.py:179} INFO - Processing /opt/airflow/dags/air_quality_pipeline.py took 0.050 seconds
[2026-07-16T21:27:06.469+0000] {processor.py:157} INFO - Started process (PID=532) to work on /opt/airflow/dags/air_quality_pipeline.py
[2026-07-16T21:27:06.472+0000] {processor.py:829} INFO - Processing file /opt/airflow/dags/air_quality_pipeline.py for tasks to queue
[2026-07-16T21:27:06.474+0000] {logging_mixin.py:151} INFO - [2026-07-16T21:27:06.473+0000] {dagbag.py:539} INFO - Filling up the DagBag from /opt/airflow/dags/air_quality_pipeline.py
[2026-07-16T21:27:06.479+0000] {logging_mixin.py:151} INFO - [2026-07-16T21:27:06.479+0000] {dagbag.py:347} ERROR - Failed to import: /opt/airflow/dags/air_quality_pipeline.py
Traceback (most recent call last):
  File "/home/airflow/.local/lib/python3.9/site-packages/airflow/models/dagbag.py", line 343, in parse
    loader.exec_module(new_module)
  File "<frozen importlib._bootstrap_external>", line 850, in exec_module
  File "<frozen importlib._bootstrap>", line 228, in _call_with_frames_removed
  File "/opt/airflow/dags/air_quality_pipeline.py", line 21, in <module>
    from extract import extract_air_quality_data
ImportError: cannot import name 'extract_air_quality_data' from 'extract' (/opt/airflow/scripts/extract.py)
[2026-07-16T21:27:06.480+0000] {processor.py:841} WARNING - No viable dags retrieved from /opt/airflow/dags/air_quality_pipeline.py
[2026-07-16T21:27:06.504+0000] {processor.py:179} INFO - Processing /opt/airflow/dags/air_quality_pipeline.py took 0.039 seconds
[2026-07-16T21:27:36.699+0000] {processor.py:157} INFO - Started process (PID=537) to work on /opt/airflow/dags/air_quality_pipeline.py
[2026-07-16T21:27:36.700+0000] {processor.py:829} INFO - Processing file /opt/airflow/dags/air_quality_pipeline.py for tasks to queue
[2026-07-16T21:27:36.701+0000] {logging_mixin.py:151} INFO - [2026-07-16T21:27:36.700+0000] {dagbag.py:539} INFO - Filling up the DagBag from /opt/airflow/dags/air_quality_pipeline.py
[2026-07-16T21:27:36.719+0000] {logging_mixin.py:151} INFO - [2026-07-16T21:27:36.718+0000] {dagbag.py:347} ERROR - Failed to import: /opt/airflow/dags/air_quality_pipeline.py
Traceback (most recent call last):
  File "/home/airflow/.local/lib/python3.9/site-packages/airflow/models/dagbag.py", line 343, in parse
    loader.exec_module(new_module)
  File "<frozen importlib._bootstrap_external>", line 850, in exec_module
  File "<frozen importlib._bootstrap>", line 228, in _call_with_frames_removed
  File "/opt/airflow/dags/air_quality_pipeline.py", line 21, in <module>
    from extract import extract_air_quality_data
ImportError: cannot import name 'extract_air_quality_data' from 'extract' (/opt/airflow/scripts/extract.py)
[2026-07-16T21:27:36.720+0000] {processor.py:841} WARNING - No viable dags retrieved from /opt/airflow/dags/air_quality_pipeline.py
[2026-07-16T21:27:36.759+0000] {processor.py:179} INFO - Processing /opt/airflow/dags/air_quality_pipeline.py took 0.066 seconds
[2026-07-16T21:28:06.898+0000] {processor.py:157} INFO - Started process (PID=542) to work on /opt/airflow/dags/air_quality_pipeline.py
[2026-07-16T21:28:06.901+0000] {processor.py:829} INFO - Processing file /opt/airflow/dags/air_quality_pipeline.py for tasks to queue
[2026-07-16T21:28:06.902+0000] {logging_mixin.py:151} INFO - [2026-07-16T21:28:06.902+0000] {dagbag.py:539} INFO - Filling up the DagBag from /opt/airflow/dags/air_quality_pipeline.py
[2026-07-16T21:28:06.908+0000] {logging_mixin.py:151} INFO - [2026-07-16T21:28:06.907+0000] {dagbag.py:347} ERROR - Failed to import: /opt/airflow/dags/air_quality_pipeline.py
Traceback (most recent call last):
  File "/home/airflow/.local/lib/python3.9/site-packages/airflow/models/dagbag.py", line 343, in parse
    loader.exec_module(new_module)
  File "<frozen importlib._bootstrap_external>", line 850, in exec_module
  File "<frozen importlib._bootstrap>", line 228, in _call_with_frames_removed
  File "/opt/airflow/dags/air_quality_pipeline.py", line 21, in <module>
    from extract import extract_air_quality_data
ImportError: cannot import name 'extract_air_quality_data' from 'extract' (/opt/airflow/scripts/extract.py)
[2026-07-16T21:28:06.909+0000] {processor.py:841} WARNING - No viable dags retrieved from /opt/airflow/dags/air_quality_pipeline.py
[2026-07-16T21:28:06.932+0000] {processor.py:179} INFO - Processing /opt/airflow/dags/air_quality_pipeline.py took 0.039 seconds
[2026-07-16T21:28:37.126+0000] {processor.py:157} INFO - Started process (PID=547) to work on /opt/airflow/dags/air_quality_pipeline.py
[2026-07-16T21:28:37.128+0000] {processor.py:829} INFO - Processing file /opt/airflow/dags/air_quality_pipeline.py for tasks to queue
[2026-07-16T21:28:37.130+0000] {logging_mixin.py:151} INFO - [2026-07-16T21:28:37.129+0000] {dagbag.py:539} INFO - Filling up the DagBag from /opt/airflow/dags/air_quality_pipeline.py
[2026-07-16T21:28:37.137+0000] {logging_mixin.py:151} INFO - [2026-07-16T21:28:37.136+0000] {dagbag.py:347} ERROR - Failed to import: /opt/airflow/dags/air_quality_pipeline.py
Traceback (most recent call last):
  File "/home/airflow/.local/lib/python3.9/site-packages/airflow/models/dagbag.py", line 343, in parse
    loader.exec_module(new_module)
  File "<frozen importlib._bootstrap_external>", line 850, in exec_module
  File "<frozen importlib._bootstrap>", line 228, in _call_with_frames_removed
  File "/opt/airflow/dags/air_quality_pipeline.py", line 21, in <module>
    from extract import extract_air_quality_data
ImportError: cannot import name 'extract_air_quality_data' from 'extract' (/opt/airflow/scripts/extract.py)
[2026-07-16T21:28:37.137+0000] {processor.py:841} WARNING - No viable dags retrieved from /opt/airflow/dags/air_quality_pipeline.py
[2026-07-16T21:28:37.162+0000] {processor.py:179} INFO - Processing /opt/airflow/dags/air_quality_pipeline.py took 0.041 seconds
[2026-07-16T21:29:07.324+0000] {processor.py:157} INFO - Started process (PID=552) to work on /opt/airflow/dags/air_quality_pipeline.py
[2026-07-16T21:29:07.326+0000] {processor.py:829} INFO - Processing file /opt/airflow/dags/air_quality_pipeline.py for tasks to queue
[2026-07-16T21:29:07.327+0000] {logging_mixin.py:151} INFO - [2026-07-16T21:29:07.327+0000] {dagbag.py:539} INFO - Filling up the DagBag from /opt/airflow/dags/air_quality_pipeline.py
[2026-07-16T21:29:07.334+0000] {logging_mixin.py:151} INFO - [2026-07-16T21:29:07.333+0000] {dagbag.py:347} ERROR - Failed to import: /opt/airflow/dags/air_quality_pipeline.py
Traceback (most recent call last):
  File "/home/airflow/.local/lib/python3.9/site-packages/airflow/models/dagbag.py", line 343, in parse
    loader.exec_module(new_module)
  File "<frozen importlib._bootstrap_external>", line 850, in exec_module
  File "<frozen importlib._bootstrap>", line 228, in _call_with_frames_removed
  File "/opt/airflow/dags/air_quality_pipeline.py", line 21, in <module>
    from extract import extract_air_quality_data
ImportError: cannot import name 'extract_air_quality_data' from 'extract' (/opt/airflow/scripts/extract.py)
[2026-07-16T21:29:07.334+0000] {processor.py:841} WARNING - No viable dags retrieved from /opt/airflow/dags/air_quality_pipeline.py
[2026-07-16T21:29:07.354+0000] {processor.py:179} INFO - Processing /opt/airflow/dags/air_quality_pipeline.py took 0.034 seconds
[2026-07-16T21:29:37.551+0000] {processor.py:157} INFO - Started process (PID=557) to work on /opt/airflow/dags/air_quality_pipeline.py
[2026-07-16T21:29:37.554+0000] {processor.py:829} INFO - Processing file /opt/airflow/dags/air_quality_pipeline.py for tasks to queue
[2026-07-16T21:29:37.554+0000] {logging_mixin.py:151} INFO - [2026-07-16T21:29:37.554+0000] {dagbag.py:539} INFO - Filling up the DagBag from /opt/airflow/dags/air_quality_pipeline.py
[2026-07-16T21:29:37.558+0000] {logging_mixin.py:151} INFO - [2026-07-16T21:29:37.558+0000] {dagbag.py:347} ERROR - Failed to import: /opt/airflow/dags/air_quality_pipeline.py
Traceback (most recent call last):
  File "/home/airflow/.local/lib/python3.9/site-packages/airflow/models/dagbag.py", line 343, in parse
    loader.exec_module(new_module)
  File "<frozen importlib._bootstrap_external>", line 850, in exec_module
  File "<frozen importlib._bootstrap>", line 228, in _call_with_frames_removed
  File "/opt/airflow/dags/air_quality_pipeline.py", line 21, in <module>
    from extract import extract_air_quality_data
ImportError: cannot import name 'extract_air_quality_data' from 'extract' (/opt/airflow/scripts/extract.py)
[2026-07-16T21:29:37.558+0000] {processor.py:841} WARNING - No viable dags retrieved from /opt/airflow/dags/air_quality_pipeline.py
[2026-07-16T21:29:37.583+0000] {processor.py:179} INFO - Processing /opt/airflow/dags/air_quality_pipeline.py took 0.035 seconds
[2026-07-16T21:30:07.739+0000] {processor.py:157} INFO - Started process (PID=562) to work on /opt/airflow/dags/air_quality_pipeline.py
[2026-07-16T21:30:07.741+0000] {processor.py:829} INFO - Processing file /opt/airflow/dags/air_quality_pipeline.py for tasks to queue
[2026-07-16T21:30:07.742+0000] {logging_mixin.py:151} INFO - [2026-07-16T21:30:07.742+0000] {dagbag.py:539} INFO - Filling up the DagBag from /opt/airflow/dags/air_quality_pipeline.py
[2026-07-16T21:30:07.749+0000] {logging_mixin.py:151} INFO - [2026-07-16T21:30:07.748+0000] {dagbag.py:347} ERROR - Failed to import: /opt/airflow/dags/air_quality_pipeline.py
Traceback (most recent call last):
  File "/home/airflow/.local/lib/python3.9/site-packages/airflow/models/dagbag.py", line 343, in parse
    loader.exec_module(new_module)
  File "<frozen importlib._bootstrap_external>", line 850, in exec_module
  File "<frozen importlib._bootstrap>", line 228, in _call_with_frames_removed
  File "/opt/airflow/dags/air_quality_pipeline.py", line 21, in <module>
    from extract import extract_air_quality_data
ImportError: cannot import name 'extract_air_quality_data' from 'extract' (/opt/airflow/scripts/extract.py)
[2026-07-16T21:30:07.749+0000] {processor.py:841} WARNING - No viable dags retrieved from /opt/airflow/dags/air_quality_pipeline.py
[2026-07-16T21:30:07.774+0000] {processor.py:179} INFO - Processing /opt/airflow/dags/air_quality_pipeline.py took 0.039 seconds
[2026-07-16T21:30:37.960+0000] {processor.py:157} INFO - Started process (PID=567) to work on /opt/airflow/dags/air_quality_pipeline.py
[2026-07-16T21:30:37.962+0000] {processor.py:829} INFO - Processing file /opt/airflow/dags/air_quality_pipeline.py for tasks to queue
[2026-07-16T21:30:37.963+0000] {logging_mixin.py:151} INFO - [2026-07-16T21:30:37.962+0000] {dagbag.py:539} INFO - Filling up the DagBag from /opt/airflow/dags/air_quality_pipeline.py
[2026-07-16T21:30:37.969+0000] {logging_mixin.py:151} INFO - [2026-07-16T21:30:37.968+0000] {dagbag.py:347} ERROR - Failed to import: /opt/airflow/dags/air_quality_pipeline.py
Traceback (most recent call last):
  File "/home/airflow/.local/lib/python3.9/site-packages/airflow/models/dagbag.py", line 343, in parse
    loader.exec_module(new_module)
  File "<frozen importlib._bootstrap_external>", line 850, in exec_module
  File "<frozen importlib._bootstrap>", line 228, in _call_with_frames_removed
  File "/opt/airflow/dags/air_quality_pipeline.py", line 21, in <module>
    from extract import extract_air_quality_data
ImportError: cannot import name 'extract_air_quality_data' from 'extract' (/opt/airflow/scripts/extract.py)
[2026-07-16T21:30:37.969+0000] {processor.py:841} WARNING - No viable dags retrieved from /opt/airflow/dags/air_quality_pipeline.py
[2026-07-16T21:30:37.992+0000] {processor.py:179} INFO - Processing /opt/airflow/dags/air_quality_pipeline.py took 0.035 seconds
[2026-07-16T21:31:08.166+0000] {processor.py:157} INFO - Started process (PID=572) to work on /opt/airflow/dags/air_quality_pipeline.py
[2026-07-16T21:31:08.169+0000] {processor.py:829} INFO - Processing file /opt/airflow/dags/air_quality_pipeline.py for tasks to queue
[2026-07-16T21:31:08.171+0000] {logging_mixin.py:151} INFO - [2026-07-16T21:31:08.170+0000] {dagbag.py:539} INFO - Filling up the DagBag from /opt/airflow/dags/air_quality_pipeline.py
[2026-07-16T21:31:08.179+0000] {logging_mixin.py:151} INFO - [2026-07-16T21:31:08.178+0000] {dagbag.py:347} ERROR - Failed to import: /opt/airflow/dags/air_quality_pipeline.py
Traceback (most recent call last):
  File "/home/airflow/.local/lib/python3.9/site-packages/airflow/models/dagbag.py", line 343, in parse
    loader.exec_module(new_module)
  File "<frozen importlib._bootstrap_external>", line 850, in exec_module
  File "<frozen importlib._bootstrap>", line 228, in _call_with_frames_removed
  File "/opt/airflow/dags/air_quality_pipeline.py", line 21, in <module>
    from extract import extract_air_quality_data
ImportError: cannot import name 'extract_air_quality_data' from 'extract' (/opt/airflow/scripts/extract.py)
[2026-07-16T21:31:08.179+0000] {processor.py:841} WARNING - No viable dags retrieved from /opt/airflow/dags/air_quality_pipeline.py
[2026-07-16T21:31:08.209+0000] {processor.py:179} INFO - Processing /opt/airflow/dags/air_quality_pipeline.py took 0.047 seconds
[2026-07-16T21:31:38.393+0000] {processor.py:157} INFO - Started process (PID=577) to work on /opt/airflow/dags/air_quality_pipeline.py
[2026-07-16T21:31:38.396+0000] {processor.py:829} INFO - Processing file /opt/airflow/dags/air_quality_pipeline.py for tasks to queue
[2026-07-16T21:31:38.397+0000] {logging_mixin.py:151} INFO - [2026-07-16T21:31:38.396+0000] {dagbag.py:539} INFO - Filling up the DagBag from /opt/airflow/dags/air_quality_pipeline.py
[2026-07-16T21:31:38.405+0000] {logging_mixin.py:151} INFO - [2026-07-16T21:31:38.404+0000] {dagbag.py:347} ERROR - Failed to import: /opt/airflow/dags/air_quality_pipeline.py
Traceback (most recent call last):
  File "/home/airflow/.local/lib/python3.9/site-packages/airflow/models/dagbag.py", line 343, in parse
    loader.exec_module(new_module)
  File "<frozen importlib._bootstrap_external>", line 850, in exec_module
  File "<frozen importlib._bootstrap>", line 228, in _call_with_frames_removed
  File "/opt/airflow/dags/air_quality_pipeline.py", line 21, in <module>
    from extract import extract_air_quality_data
ImportError: cannot import name 'extract_air_quality_data' from 'extract' (/opt/airflow/scripts/extract.py)
[2026-07-16T21:31:38.405+0000] {processor.py:841} WARNING - No viable dags retrieved from /opt/airflow/dags/air_quality_pipeline.py
[2026-07-16T21:31:38.432+0000] {processor.py:179} INFO - Processing /opt/airflow/dags/air_quality_pipeline.py took 0.044 seconds
[2026-07-16T21:32:08.617+0000] {processor.py:157} INFO - Started process (PID=582) to work on /opt/airflow/dags/air_quality_pipeline.py
[2026-07-16T21:32:08.620+0000] {processor.py:829} INFO - Processing file /opt/airflow/dags/air_quality_pipeline.py for tasks to queue
[2026-07-16T21:32:08.622+0000] {logging_mixin.py:151} INFO - [2026-07-16T21:32:08.621+0000] {dagbag.py:539} INFO - Filling up the DagBag from /opt/airflow/dags/air_quality_pipeline.py
[2026-07-16T21:32:08.628+0000] {logging_mixin.py:151} INFO - [2026-07-16T21:32:08.627+0000] {dagbag.py:347} ERROR - Failed to import: /opt/airflow/dags/air_quality_pipeline.py
Traceback (most recent call last):
  File "/home/airflow/.local/lib/python3.9/site-packages/airflow/models/dagbag.py", line 343, in parse
    loader.exec_module(new_module)
  File "<frozen importlib._bootstrap_external>", line 850, in exec_module
  File "<frozen importlib._bootstrap>", line 228, in _call_with_frames_removed
  File "/opt/airflow/dags/air_quality_pipeline.py", line 21, in <module>
    from extract import extract_air_quality_data
ImportError: cannot import name 'extract_air_quality_data' from 'extract' (/opt/airflow/scripts/extract.py)
[2026-07-16T21:32:08.628+0000] {processor.py:841} WARNING - No viable dags retrieved from /opt/airflow/dags/air_quality_pipeline.py
[2026-07-16T21:32:08.648+0000] {processor.py:179} INFO - Processing /opt/airflow/dags/air_quality_pipeline.py took 0.036 seconds
[2026-07-16T21:32:38.843+0000] {processor.py:157} INFO - Started process (PID=587) to work on /opt/airflow/dags/air_quality_pipeline.py
[2026-07-16T21:32:38.846+0000] {processor.py:829} INFO - Processing file /opt/airflow/dags/air_quality_pipeline.py for tasks to queue
[2026-07-16T21:32:38.848+0000] {logging_mixin.py:151} INFO - [2026-07-16T21:32:38.847+0000] {dagbag.py:539} INFO - Filling up the DagBag from /opt/airflow/dags/air_quality_pipeline.py
[2026-07-16T21:32:38.855+0000] {logging_mixin.py:151} INFO - [2026-07-16T21:32:38.854+0000] {dagbag.py:347} ERROR - Failed to import: /opt/airflow/dags/air_quality_pipeline.py
Traceback (most recent call last):
  File "/home/airflow/.local/lib/python3.9/site-packages/airflow/models/dagbag.py", line 343, in parse
    loader.exec_module(new_module)
  File "<frozen importlib._bootstrap_external>", line 850, in exec_module
  File "<frozen importlib._bootstrap>", line 228, in _call_with_frames_removed
  File "/opt/airflow/dags/air_quality_pipeline.py", line 21, in <module>
    from extract import extract_air_quality_data
ImportError: cannot import name 'extract_air_quality_data' from 'extract' (/opt/airflow/scripts/extract.py)
[2026-07-16T21:32:38.855+0000] {processor.py:841} WARNING - No viable dags retrieved from /opt/airflow/dags/air_quality_pipeline.py
[2026-07-16T21:32:38.877+0000] {processor.py:179} INFO - Processing /opt/airflow/dags/air_quality_pipeline.py took 0.039 seconds
[2026-07-16T21:33:09.053+0000] {processor.py:157} INFO - Started process (PID=592) to work on /opt/airflow/dags/air_quality_pipeline.py
[2026-07-16T21:33:09.055+0000] {processor.py:829} INFO - Processing file /opt/airflow/dags/air_quality_pipeline.py for tasks to queue
[2026-07-16T21:33:09.056+0000] {logging_mixin.py:151} INFO - [2026-07-16T21:33:09.056+0000] {dagbag.py:539} INFO - Filling up the DagBag from /opt/airflow/dags/air_quality_pipeline.py
[2026-07-16T21:33:09.063+0000] {logging_mixin.py:151} INFO - [2026-07-16T21:33:09.062+0000] {dagbag.py:347} ERROR - Failed to import: /opt/airflow/dags/air_quality_pipeline.py
Traceback (most recent call last):
  File "/home/airflow/.local/lib/python3.9/site-packages/airflow/models/dagbag.py", line 343, in parse
    loader.exec_module(new_module)
  File "<frozen importlib._bootstrap_external>", line 850, in exec_module
  File "<frozen importlib._bootstrap>", line 228, in _call_with_frames_removed
  File "/opt/airflow/dags/air_quality_pipeline.py", line 21, in <module>
    from extract import extract_air_quality_data
ImportError: cannot import name 'extract_air_quality_data' from 'extract' (/opt/airflow/scripts/extract.py)
[2026-07-16T21:33:09.064+0000] {processor.py:841} WARNING - No viable dags retrieved from /opt/airflow/dags/air_quality_pipeline.py
[2026-07-16T21:33:09.096+0000] {processor.py:179} INFO - Processing /opt/airflow/dags/air_quality_pipeline.py took 0.047 seconds
[2026-07-16T21:33:39.284+0000] {processor.py:157} INFO - Started process (PID=597) to work on /opt/airflow/dags/air_quality_pipeline.py
[2026-07-16T21:33:39.287+0000] {processor.py:829} INFO - Processing file /opt/airflow/dags/air_quality_pipeline.py for tasks to queue
[2026-07-16T21:33:39.287+0000] {logging_mixin.py:151} INFO - [2026-07-16T21:33:39.287+0000] {dagbag.py:539} INFO - Filling up the DagBag from /opt/airflow/dags/air_quality_pipeline.py
[2026-07-16T21:33:39.291+0000] {logging_mixin.py:151} INFO - [2026-07-16T21:33:39.291+0000] {dagbag.py:347} ERROR - Failed to import: /opt/airflow/dags/air_quality_pipeline.py
Traceback (most recent call last):
  File "/home/airflow/.local/lib/python3.9/site-packages/airflow/models/dagbag.py", line 343, in parse
    loader.exec_module(new_module)
  File "<frozen importlib._bootstrap_external>", line 850, in exec_module
  File "<frozen importlib._bootstrap>", line 228, in _call_with_frames_removed
  File "/opt/airflow/dags/air_quality_pipeline.py", line 21, in <module>
    from extract import extract_air_quality_data
ImportError: cannot import name 'extract_air_quality_data' from 'extract' (/opt/airflow/scripts/extract.py)
[2026-07-16T21:33:39.292+0000] {processor.py:841} WARNING - No viable dags retrieved from /opt/airflow/dags/air_quality_pipeline.py
[2026-07-16T21:33:39.314+0000] {processor.py:179} INFO - Processing /opt/airflow/dags/air_quality_pipeline.py took 0.033 seconds
[2026-07-16T21:34:09.496+0000] {processor.py:157} INFO - Started process (PID=602) to work on /opt/airflow/dags/air_quality_pipeline.py
[2026-07-16T21:34:09.498+0000] {processor.py:829} INFO - Processing file /opt/airflow/dags/air_quality_pipeline.py for tasks to queue
[2026-07-16T21:34:09.499+0000] {logging_mixin.py:151} INFO - [2026-07-16T21:34:09.499+0000] {dagbag.py:539} INFO - Filling up the DagBag from /opt/airflow/dags/air_quality_pipeline.py
[2026-07-16T21:34:09.506+0000] {logging_mixin.py:151} INFO - [2026-07-16T21:34:09.506+0000] {dagbag.py:347} ERROR - Failed to import: /opt/airflow/dags/air_quality_pipeline.py
Traceback (most recent call last):
  File "/home/airflow/.local/lib/python3.9/site-packages/airflow/models/dagbag.py", line 343, in parse
    loader.exec_module(new_module)
  File "<frozen importlib._bootstrap_external>", line 850, in exec_module
  File "<frozen importlib._bootstrap>", line 228, in _call_with_frames_removed
  File "/opt/airflow/dags/air_quality_pipeline.py", line 21, in <module>
    from extract import extract_air_quality_data
ImportError: cannot import name 'extract_air_quality_data' from 'extract' (/opt/airflow/scripts/extract.py)
[2026-07-16T21:34:09.507+0000] {processor.py:841} WARNING - No viable dags retrieved from /opt/airflow/dags/air_quality_pipeline.py
[2026-07-16T21:34:09.533+0000] {processor.py:179} INFO - Processing /opt/airflow/dags/air_quality_pipeline.py took 0.041 seconds
[2026-07-16T21:34:39.692+0000] {processor.py:157} INFO - Started process (PID=607) to work on /opt/airflow/dags/air_quality_pipeline.py
[2026-07-16T21:34:39.692+0000] {processor.py:829} INFO - Processing file /opt/airflow/dags/air_quality_pipeline.py for tasks to queue
[2026-07-16T21:34:39.693+0000] {logging_mixin.py:151} INFO - [2026-07-16T21:34:39.693+0000] {dagbag.py:539} INFO - Filling up the DagBag from /opt/airflow/dags/air_quality_pipeline.py
[2026-07-16T21:34:39.702+0000] {logging_mixin.py:151} INFO - [2026-07-16T21:34:39.701+0000] {dagbag.py:347} ERROR - Failed to import: /opt/airflow/dags/air_quality_pipeline.py
Traceback (most recent call last):
  File "/home/airflow/.local/lib/python3.9/site-packages/airflow/models/dagbag.py", line 343, in parse
    loader.exec_module(new_module)
  File "<frozen importlib._bootstrap_external>", line 850, in exec_module
  File "<frozen importlib._bootstrap>", line 228, in _call_with_frames_removed
  File "/opt/airflow/dags/air_quality_pipeline.py", line 21, in <module>
    from extract import extract_air_quality_data
ImportError: cannot import name 'extract_air_quality_data' from 'extract' (/opt/airflow/scripts/extract.py)
[2026-07-16T21:34:39.703+0000] {processor.py:841} WARNING - No viable dags retrieved from /opt/airflow/dags/air_quality_pipeline.py
[2026-07-16T21:34:39.729+0000] {processor.py:179} INFO - Processing /opt/airflow/dags/air_quality_pipeline.py took 0.044 seconds
[2026-07-16T21:35:09.894+0000] {processor.py:157} INFO - Started process (PID=612) to work on /opt/airflow/dags/air_quality_pipeline.py
[2026-07-16T21:35:09.897+0000] {processor.py:829} INFO - Processing file /opt/airflow/dags/air_quality_pipeline.py for tasks to queue
[2026-07-16T21:35:09.898+0000] {logging_mixin.py:151} INFO - [2026-07-16T21:35:09.898+0000] {dagbag.py:539} INFO - Filling up the DagBag from /opt/airflow/dags/air_quality_pipeline.py
[2026-07-16T21:35:09.907+0000] {logging_mixin.py:151} INFO - [2026-07-16T21:35:09.906+0000] {dagbag.py:347} ERROR - Failed to import: /opt/airflow/dags/air_quality_pipeline.py
Traceback (most recent call last):
  File "/home/airflow/.local/lib/python3.9/site-packages/airflow/models/dagbag.py", line 343, in parse
    loader.exec_module(new_module)
  File "<frozen importlib._bootstrap_external>", line 850, in exec_module
  File "<frozen importlib._bootstrap>", line 228, in _call_with_frames_removed
  File "/opt/airflow/dags/air_quality_pipeline.py", line 21, in <module>
    from extract import extract_air_quality_data
ImportError: cannot import name 'extract_air_quality_data' from 'extract' (/opt/airflow/scripts/extract.py)
[2026-07-16T21:35:09.907+0000] {processor.py:841} WARNING - No viable dags retrieved from /opt/airflow/dags/air_quality_pipeline.py
[2026-07-16T21:35:09.928+0000] {processor.py:179} INFO - Processing /opt/airflow/dags/air_quality_pipeline.py took 0.037 seconds
[2026-07-16T21:35:40.086+0000] {processor.py:157} INFO - Started process (PID=617) to work on /opt/airflow/dags/air_quality_pipeline.py
[2026-07-16T21:35:40.087+0000] {processor.py:829} INFO - Processing file /opt/airflow/dags/air_quality_pipeline.py for tasks to queue
[2026-07-16T21:35:40.087+0000] {logging_mixin.py:151} INFO - [2026-07-16T21:35:40.087+0000] {dagbag.py:539} INFO - Filling up the DagBag from /opt/airflow/dags/air_quality_pipeline.py
[2026-07-16T21:35:40.091+0000] {logging_mixin.py:151} INFO - [2026-07-16T21:35:40.091+0000] {dagbag.py:347} ERROR - Failed to import: /opt/airflow/dags/air_quality_pipeline.py
Traceback (most recent call last):
  File "/home/airflow/.local/lib/python3.9/site-packages/airflow/models/dagbag.py", line 343, in parse
    loader.exec_module(new_module)
  File "<frozen importlib._bootstrap_external>", line 850, in exec_module
  File "<frozen importlib._bootstrap>", line 228, in _call_with_frames_removed
  File "/opt/airflow/dags/air_quality_pipeline.py", line 21, in <module>
    from extract import extract_air_quality_data
ImportError: cannot import name 'extract_air_quality_data' from 'extract' (/opt/airflow/scripts/extract.py)
[2026-07-16T21:35:40.092+0000] {processor.py:841} WARNING - No viable dags retrieved from /opt/airflow/dags/air_quality_pipeline.py
[2026-07-16T21:35:40.109+0000] {processor.py:179} INFO - Processing /opt/airflow/dags/air_quality_pipeline.py took 0.025 seconds
[2026-07-16T21:36:10.303+0000] {processor.py:157} INFO - Started process (PID=622) to work on /opt/airflow/dags/air_quality_pipeline.py
[2026-07-16T21:36:10.305+0000] {processor.py:829} INFO - Processing file /opt/airflow/dags/air_quality_pipeline.py for tasks to queue
[2026-07-16T21:36:10.307+0000] {logging_mixin.py:151} INFO - [2026-07-16T21:36:10.306+0000] {dagbag.py:539} INFO - Filling up the DagBag from /opt/airflow/dags/air_quality_pipeline.py
[2026-07-16T21:36:10.313+0000] {logging_mixin.py:151} INFO - [2026-07-16T21:36:10.313+0000] {dagbag.py:347} ERROR - Failed to import: /opt/airflow/dags/air_quality_pipeline.py
Traceback (most recent call last):
  File "/home/airflow/.local/lib/python3.9/site-packages/airflow/models/dagbag.py", line 343, in parse
    loader.exec_module(new_module)
  File "<frozen importlib._bootstrap_external>", line 850, in exec_module
  File "<frozen importlib._bootstrap>", line 228, in _call_with_frames_removed
  File "/opt/airflow/dags/air_quality_pipeline.py", line 21, in <module>
    from extract import extract_air_quality_data
ImportError: cannot import name 'extract_air_quality_data' from 'extract' (/opt/airflow/scripts/extract.py)
[2026-07-16T21:36:10.314+0000] {processor.py:841} WARNING - No viable dags retrieved from /opt/airflow/dags/air_quality_pipeline.py
[2026-07-16T21:36:10.344+0000] {processor.py:179} INFO - Processing /opt/airflow/dags/air_quality_pipeline.py took 0.047 seconds
[2026-07-16T21:36:40.531+0000] {processor.py:157} INFO - Started process (PID=627) to work on /opt/airflow/dags/air_quality_pipeline.py
[2026-07-16T21:36:40.534+0000] {processor.py:829} INFO - Processing file /opt/airflow/dags/air_quality_pipeline.py for tasks to queue
[2026-07-16T21:36:40.534+0000] {logging_mixin.py:151} INFO - [2026-07-16T21:36:40.534+0000] {dagbag.py:539} INFO - Filling up the DagBag from /opt/airflow/dags/air_quality_pipeline.py
[2026-07-16T21:36:40.538+0000] {logging_mixin.py:151} INFO - [2026-07-16T21:36:40.538+0000] {dagbag.py:347} ERROR - Failed to import: /opt/airflow/dags/air_quality_pipeline.py
Traceback (most recent call last):
  File "/home/airflow/.local/lib/python3.9/site-packages/airflow/models/dagbag.py", line 343, in parse
    loader.exec_module(new_module)
  File "<frozen importlib._bootstrap_external>", line 850, in exec_module
  File "<frozen importlib._bootstrap>", line 228, in _call_with_frames_removed
  File "/opt/airflow/dags/air_quality_pipeline.py", line 21, in <module>
    from extract import extract_air_quality_data
ImportError: cannot import name 'extract_air_quality_data' from 'extract' (/opt/airflow/scripts/extract.py)
[2026-07-16T21:36:40.538+0000] {processor.py:841} WARNING - No viable dags retrieved from /opt/airflow/dags/air_quality_pipeline.py
[2026-07-16T21:36:40.562+0000] {processor.py:179} INFO - Processing /opt/airflow/dags/air_quality_pipeline.py took 0.034 seconds
[2026-07-16T21:37:10.750+0000] {processor.py:157} INFO - Started process (PID=632) to work on /opt/airflow/dags/air_quality_pipeline.py
[2026-07-16T21:37:10.751+0000] {processor.py:829} INFO - Processing file /opt/airflow/dags/air_quality_pipeline.py for tasks to queue
[2026-07-16T21:37:10.752+0000] {logging_mixin.py:151} INFO - [2026-07-16T21:37:10.751+0000] {dagbag.py:539} INFO - Filling up the DagBag from /opt/airflow/dags/air_quality_pipeline.py
[2026-07-16T21:37:10.771+0000] {logging_mixin.py:151} INFO - [2026-07-16T21:37:10.769+0000] {dagbag.py:347} ERROR - Failed to import: /opt/airflow/dags/air_quality_pipeline.py
Traceback (most recent call last):
  File "/home/airflow/.local/lib/python3.9/site-packages/airflow/models/dagbag.py", line 343, in parse
    loader.exec_module(new_module)
  File "<frozen importlib._bootstrap_external>", line 850, in exec_module
  File "<frozen importlib._bootstrap>", line 228, in _call_with_frames_removed
  File "/opt/airflow/dags/air_quality_pipeline.py", line 21, in <module>
    from extract import extract_air_quality_data
ImportError: cannot import name 'extract_air_quality_data' from 'extract' (/opt/airflow/scripts/extract.py)
[2026-07-16T21:37:10.772+0000] {processor.py:841} WARNING - No viable dags retrieved from /opt/airflow/dags/air_quality_pipeline.py
[2026-07-16T21:37:10.821+0000] {processor.py:179} INFO - Processing /opt/airflow/dags/air_quality_pipeline.py took 0.079 seconds
[2026-07-16T21:37:40.928+0000] {processor.py:157} INFO - Started process (PID=637) to work on /opt/airflow/dags/air_quality_pipeline.py
[2026-07-16T21:37:40.929+0000] {processor.py:829} INFO - Processing file /opt/airflow/dags/air_quality_pipeline.py for tasks to queue
[2026-07-16T21:37:40.929+0000] {logging_mixin.py:151} INFO - [2026-07-16T21:37:40.929+0000] {dagbag.py:539} INFO - Filling up the DagBag from /opt/airflow/dags/air_quality_pipeline.py
[2026-07-16T21:37:40.934+0000] {logging_mixin.py:151} INFO - [2026-07-16T21:37:40.933+0000] {dagbag.py:347} ERROR - Failed to import: /opt/airflow/dags/air_quality_pipeline.py
Traceback (most recent call last):
  File "/home/airflow/.local/lib/python3.9/site-packages/airflow/models/dagbag.py", line 343, in parse
    loader.exec_module(new_module)
  File "<frozen importlib._bootstrap_external>", line 850, in exec_module
  File "<frozen importlib._bootstrap>", line 228, in _call_with_frames_removed
  File "/opt/airflow/dags/air_quality_pipeline.py", line 21, in <module>
    from extract import extract_air_quality_data
ImportError: cannot import name 'extract_air_quality_data' from 'extract' (/opt/airflow/scripts/extract.py)
[2026-07-16T21:37:40.934+0000] {processor.py:841} WARNING - No viable dags retrieved from /opt/airflow/dags/air_quality_pipeline.py
[2026-07-16T21:37:40.958+0000] {processor.py:179} INFO - Processing /opt/airflow/dags/air_quality_pipeline.py took 0.035 seconds
[2026-07-16T21:38:11.137+0000] {processor.py:157} INFO - Started process (PID=642) to work on /opt/airflow/dags/air_quality_pipeline.py
[2026-07-16T21:38:11.140+0000] {processor.py:829} INFO - Processing file /opt/airflow/dags/air_quality_pipeline.py for tasks to queue
[2026-07-16T21:38:11.140+0000] {logging_mixin.py:151} INFO - [2026-07-16T21:38:11.140+0000] {dagbag.py:539} INFO - Filling up the DagBag from /opt/airflow/dags/air_quality_pipeline.py
[2026-07-16T21:38:11.144+0000] {logging_mixin.py:151} INFO - [2026-07-16T21:38:11.144+0000] {dagbag.py:347} ERROR - Failed to import: /opt/airflow/dags/air_quality_pipeline.py
Traceback (most recent call last):
  File "/home/airflow/.local/lib/python3.9/site-packages/airflow/models/dagbag.py", line 343, in parse
    loader.exec_module(new_module)
  File "<frozen importlib._bootstrap_external>", line 850, in exec_module
  File "<frozen importlib._bootstrap>", line 228, in _call_with_frames_removed
  File "/opt/airflow/dags/air_quality_pipeline.py", line 21, in <module>
    from extract import extract_air_quality_data
ImportError: cannot import name 'extract_air_quality_data' from 'extract' (/opt/airflow/scripts/extract.py)
[2026-07-16T21:38:11.145+0000] {processor.py:841} WARNING - No viable dags retrieved from /opt/airflow/dags/air_quality_pipeline.py
[2026-07-16T21:38:11.165+0000] {processor.py:179} INFO - Processing /opt/airflow/dags/air_quality_pipeline.py took 0.030 seconds
[2026-07-16T21:38:41.364+0000] {processor.py:157} INFO - Started process (PID=647) to work on /opt/airflow/dags/air_quality_pipeline.py
[2026-07-16T21:38:41.367+0000] {processor.py:829} INFO - Processing file /opt/airflow/dags/air_quality_pipeline.py for tasks to queue
[2026-07-16T21:38:41.369+0000] {logging_mixin.py:151} INFO - [2026-07-16T21:38:41.368+0000] {dagbag.py:539} INFO - Filling up the DagBag from /opt/airflow/dags/air_quality_pipeline.py
[2026-07-16T21:38:41.381+0000] {logging_mixin.py:151} INFO - [2026-07-16T21:38:41.380+0000] {dagbag.py:347} ERROR - Failed to import: /opt/airflow/dags/air_quality_pipeline.py
Traceback (most recent call last):
  File "/home/airflow/.local/lib/python3.9/site-packages/airflow/models/dagbag.py", line 343, in parse
    loader.exec_module(new_module)
  File "<frozen importlib._bootstrap_external>", line 850, in exec_module
  File "<frozen importlib._bootstrap>", line 228, in _call_with_frames_removed
  File "/opt/airflow/dags/air_quality_pipeline.py", line 21, in <module>
    from extract import extract_air_quality_data
ImportError: cannot import name 'extract_air_quality_data' from 'extract' (/opt/airflow/scripts/extract.py)
[2026-07-16T21:38:41.382+0000] {processor.py:841} WARNING - No viable dags retrieved from /opt/airflow/dags/air_quality_pipeline.py
[2026-07-16T21:38:41.414+0000] {processor.py:179} INFO - Processing /opt/airflow/dags/air_quality_pipeline.py took 0.056 seconds
[2026-07-16T21:39:11.594+0000] {processor.py:157} INFO - Started process (PID=652) to work on /opt/airflow/dags/air_quality_pipeline.py
[2026-07-16T21:39:11.594+0000] {processor.py:829} INFO - Processing file /opt/airflow/dags/air_quality_pipeline.py for tasks to queue
[2026-07-16T21:39:11.595+0000] {logging_mixin.py:151} INFO - [2026-07-16T21:39:11.595+0000] {dagbag.py:539} INFO - Filling up the DagBag from /opt/airflow/dags/air_quality_pipeline.py
[2026-07-16T21:39:11.600+0000] {logging_mixin.py:151} INFO - [2026-07-16T21:39:11.599+0000] {dagbag.py:347} ERROR - Failed to import: /opt/airflow/dags/air_quality_pipeline.py
Traceback (most recent call last):
  File "/home/airflow/.local/lib/python3.9/site-packages/airflow/models/dagbag.py", line 343, in parse
    loader.exec_module(new_module)
  File "<frozen importlib._bootstrap_external>", line 850, in exec_module
  File "<frozen importlib._bootstrap>", line 228, in _call_with_frames_removed
  File "/opt/airflow/dags/air_quality_pipeline.py", line 21, in <module>
    from extract import extract_air_quality_data
ImportError: cannot import name 'extract_air_quality_data' from 'extract' (/opt/airflow/scripts/extract.py)
[2026-07-16T21:39:11.600+0000] {processor.py:841} WARNING - No viable dags retrieved from /opt/airflow/dags/air_quality_pipeline.py
[2026-07-16T21:39:11.615+0000] {processor.py:179} INFO - Processing /opt/airflow/dags/air_quality_pipeline.py took 0.024 seconds
[2026-07-16T21:39:41.808+0000] {processor.py:157} INFO - Started process (PID=657) to work on /opt/airflow/dags/air_quality_pipeline.py
[2026-07-16T21:39:41.811+0000] {processor.py:829} INFO - Processing file /opt/airflow/dags/air_quality_pipeline.py for tasks to queue
[2026-07-16T21:39:41.813+0000] {logging_mixin.py:151} INFO - [2026-07-16T21:39:41.812+0000] {dagbag.py:539} INFO - Filling up the DagBag from /opt/airflow/dags/air_quality_pipeline.py
[2026-07-16T21:39:41.819+0000] {logging_mixin.py:151} INFO - [2026-07-16T21:39:41.819+0000] {dagbag.py:347} ERROR - Failed to import: /opt/airflow/dags/air_quality_pipeline.py
Traceback (most recent call last):
  File "/home/airflow/.local/lib/python3.9/site-packages/airflow/models/dagbag.py", line 343, in parse
    loader.exec_module(new_module)
  File "<frozen importlib._bootstrap_external>", line 850, in exec_module
  File "<frozen importlib._bootstrap>", line 228, in _call_with_frames_removed
  File "/opt/airflow/dags/air_quality_pipeline.py", line 21, in <module>
    from extract import extract_air_quality_data
ImportError: cannot import name 'extract_air_quality_data' from 'extract' (/opt/airflow/scripts/extract.py)
[2026-07-16T21:39:41.820+0000] {processor.py:841} WARNING - No viable dags retrieved from /opt/airflow/dags/air_quality_pipeline.py
[2026-07-16T21:39:41.847+0000] {processor.py:179} INFO - Processing /opt/airflow/dags/air_quality_pipeline.py took 0.044 seconds
[2026-07-16T21:40:12.020+0000] {processor.py:157} INFO - Started process (PID=662) to work on /opt/airflow/dags/air_quality_pipeline.py
[2026-07-16T21:40:12.021+0000] {processor.py:829} INFO - Processing file /opt/airflow/dags/air_quality_pipeline.py for tasks to queue
[2026-07-16T21:40:12.023+0000] {logging_mixin.py:151} INFO - [2026-07-16T21:40:12.022+0000] {dagbag.py:539} INFO - Filling up the DagBag from /opt/airflow/dags/air_quality_pipeline.py
[2026-07-16T21:40:12.029+0000] {logging_mixin.py:151} INFO - [2026-07-16T21:40:12.028+0000] {dagbag.py:347} ERROR - Failed to import: /opt/airflow/dags/air_quality_pipeline.py
Traceback (most recent call last):
  File "/home/airflow/.local/lib/python3.9/site-packages/airflow/models/dagbag.py", line 343, in parse
    loader.exec_module(new_module)
  File "<frozen importlib._bootstrap_external>", line 850, in exec_module
  File "<frozen importlib._bootstrap>", line 228, in _call_with_frames_removed
  File "/opt/airflow/dags/air_quality_pipeline.py", line 21, in <module>
    from extract import extract_air_quality_data
ImportError: cannot import name 'extract_air_quality_data' from 'extract' (/opt/airflow/scripts/extract.py)
[2026-07-16T21:40:12.029+0000] {processor.py:841} WARNING - No viable dags retrieved from /opt/airflow/dags/air_quality_pipeline.py
[2026-07-16T21:40:12.055+0000] {processor.py:179} INFO - Processing /opt/airflow/dags/air_quality_pipeline.py took 0.042 seconds
[2026-07-16T21:40:42.230+0000] {processor.py:157} INFO - Started process (PID=667) to work on /opt/airflow/dags/air_quality_pipeline.py
[2026-07-16T21:40:42.233+0000] {processor.py:829} INFO - Processing file /opt/airflow/dags/air_quality_pipeline.py for tasks to queue
[2026-07-16T21:40:42.235+0000] {logging_mixin.py:151} INFO - [2026-07-16T21:40:42.234+0000] {dagbag.py:539} INFO - Filling up the DagBag from /opt/airflow/dags/air_quality_pipeline.py
[2026-07-16T21:40:42.244+0000] {logging_mixin.py:151} INFO - [2026-07-16T21:40:42.243+0000] {dagbag.py:347} ERROR - Failed to import: /opt/airflow/dags/air_quality_pipeline.py
Traceback (most recent call last):
  File "/home/airflow/.local/lib/python3.9/site-packages/airflow/models/dagbag.py", line 343, in parse
    loader.exec_module(new_module)
  File "<frozen importlib._bootstrap_external>", line 850, in exec_module
  File "<frozen importlib._bootstrap>", line 228, in _call_with_frames_removed
  File "/opt/airflow/dags/air_quality_pipeline.py", line 21, in <module>
    from extract import extract_air_quality_data
ImportError: cannot import name 'extract_air_quality_data' from 'extract' (/opt/airflow/scripts/extract.py)
[2026-07-16T21:40:42.244+0000] {processor.py:841} WARNING - No viable dags retrieved from /opt/airflow/dags/air_quality_pipeline.py
[2026-07-16T21:40:42.275+0000] {processor.py:179} INFO - Processing /opt/airflow/dags/air_quality_pipeline.py took 0.053 seconds
[2026-07-16T21:41:12.416+0000] {processor.py:157} INFO - Started process (PID=672) to work on /opt/airflow/dags/air_quality_pipeline.py
[2026-07-16T21:41:12.420+0000] {processor.py:829} INFO - Processing file /opt/airflow/dags/air_quality_pipeline.py for tasks to queue
[2026-07-16T21:41:12.421+0000] {logging_mixin.py:151} INFO - [2026-07-16T21:41:12.421+0000] {dagbag.py:539} INFO - Filling up the DagBag from /opt/airflow/dags/air_quality_pipeline.py
[2026-07-16T21:41:12.430+0000] {logging_mixin.py:151} INFO - [2026-07-16T21:41:12.429+0000] {dagbag.py:347} ERROR - Failed to import: /opt/airflow/dags/air_quality_pipeline.py
Traceback (most recent call last):
  File "/home/airflow/.local/lib/python3.9/site-packages/airflow/models/dagbag.py", line 343, in parse
    loader.exec_module(new_module)
  File "<frozen importlib._bootstrap_external>", line 850, in exec_module
  File "<frozen importlib._bootstrap>", line 228, in _call_with_frames_removed
  File "/opt/airflow/dags/air_quality_pipeline.py", line 21, in <module>
    from extract import extract_air_quality_data
ImportError: cannot import name 'extract_air_quality_data' from 'extract' (/opt/airflow/scripts/extract.py)
[2026-07-16T21:41:12.430+0000] {processor.py:841} WARNING - No viable dags retrieved from /opt/airflow/dags/air_quality_pipeline.py
[2026-07-16T21:41:12.461+0000] {processor.py:179} INFO - Processing /opt/airflow/dags/air_quality_pipeline.py took 0.050 seconds
[2026-07-16T21:41:42.668+0000] {processor.py:157} INFO - Started process (PID=677) to work on /opt/airflow/dags/air_quality_pipeline.py
[2026-07-16T21:41:42.670+0000] {processor.py:829} INFO - Processing file /opt/airflow/dags/air_quality_pipeline.py for tasks to queue
[2026-07-16T21:41:42.670+0000] {logging_mixin.py:151} INFO - [2026-07-16T21:41:42.670+0000] {dagbag.py:539} INFO - Filling up the DagBag from /opt/airflow/dags/air_quality_pipeline.py
[2026-07-16T21:41:42.674+0000] {logging_mixin.py:151} INFO - [2026-07-16T21:41:42.673+0000] {dagbag.py:347} ERROR - Failed to import: /opt/airflow/dags/air_quality_pipeline.py
Traceback (most recent call last):
  File "/home/airflow/.local/lib/python3.9/site-packages/airflow/models/dagbag.py", line 343, in parse
    loader.exec_module(new_module)
  File "<frozen importlib._bootstrap_external>", line 850, in exec_module
  File "<frozen importlib._bootstrap>", line 228, in _call_with_frames_removed
  File "/opt/airflow/dags/air_quality_pipeline.py", line 21, in <module>
    from extract import extract_air_quality_data
ImportError: cannot import name 'extract_air_quality_data' from 'extract' (/opt/airflow/scripts/extract.py)
[2026-07-16T21:41:42.674+0000] {processor.py:841} WARNING - No viable dags retrieved from /opt/airflow/dags/air_quality_pipeline.py
[2026-07-16T21:41:42.700+0000] {processor.py:179} INFO - Processing /opt/airflow/dags/air_quality_pipeline.py took 0.035 seconds
[2026-07-16T21:42:12.874+0000] {processor.py:157} INFO - Started process (PID=682) to work on /opt/airflow/dags/air_quality_pipeline.py
[2026-07-16T21:42:12.875+0000] {processor.py:829} INFO - Processing file /opt/airflow/dags/air_quality_pipeline.py for tasks to queue
[2026-07-16T21:42:12.876+0000] {logging_mixin.py:151} INFO - [2026-07-16T21:42:12.876+0000] {dagbag.py:539} INFO - Filling up the DagBag from /opt/airflow/dags/air_quality_pipeline.py
[2026-07-16T21:42:12.883+0000] {logging_mixin.py:151} INFO - [2026-07-16T21:42:12.882+0000] {dagbag.py:347} ERROR - Failed to import: /opt/airflow/dags/air_quality_pipeline.py
Traceback (most recent call last):
  File "/home/airflow/.local/lib/python3.9/site-packages/airflow/models/dagbag.py", line 343, in parse
    loader.exec_module(new_module)
  File "<frozen importlib._bootstrap_external>", line 850, in exec_module
  File "<frozen importlib._bootstrap>", line 228, in _call_with_frames_removed
  File "/opt/airflow/dags/air_quality_pipeline.py", line 21, in <module>
    from extract import extract_air_quality_data
ImportError: cannot import name 'extract_air_quality_data' from 'extract' (/opt/airflow/scripts/extract.py)
[2026-07-16T21:42:12.884+0000] {processor.py:841} WARNING - No viable dags retrieved from /opt/airflow/dags/air_quality_pipeline.py
[2026-07-16T21:42:12.905+0000] {processor.py:179} INFO - Processing /opt/airflow/dags/air_quality_pipeline.py took 0.037 seconds
[2026-07-16T21:42:43.080+0000] {processor.py:157} INFO - Started process (PID=687) to work on /opt/airflow/dags/air_quality_pipeline.py
[2026-07-16T21:42:43.082+0000] {processor.py:829} INFO - Processing file /opt/airflow/dags/air_quality_pipeline.py for tasks to queue
[2026-07-16T21:42:43.082+0000] {logging_mixin.py:151} INFO - [2026-07-16T21:42:43.082+0000] {dagbag.py:539} INFO - Filling up the DagBag from /opt/airflow/dags/air_quality_pipeline.py
[2026-07-16T21:42:43.088+0000] {logging_mixin.py:151} INFO - [2026-07-16T21:42:43.087+0000] {dagbag.py:347} ERROR - Failed to import: /opt/airflow/dags/air_quality_pipeline.py
Traceback (most recent call last):
  File "/home/airflow/.local/lib/python3.9/site-packages/airflow/models/dagbag.py", line 343, in parse
    loader.exec_module(new_module)
  File "<frozen importlib._bootstrap_external>", line 850, in exec_module
  File "<frozen importlib._bootstrap>", line 228, in _call_with_frames_removed
  File "/opt/airflow/dags/air_quality_pipeline.py", line 21, in <module>
    from extract import extract_air_quality_data
ImportError: cannot import name 'extract_air_quality_data' from 'extract' (/opt/airflow/scripts/extract.py)
[2026-07-16T21:42:43.089+0000] {processor.py:841} WARNING - No viable dags retrieved from /opt/airflow/dags/air_quality_pipeline.py
[2026-07-16T21:42:43.115+0000] {processor.py:179} INFO - Processing /opt/airflow/dags/air_quality_pipeline.py took 0.039 seconds
[2026-07-16T21:43:13.272+0000] {processor.py:157} INFO - Started process (PID=692) to work on /opt/airflow/dags/air_quality_pipeline.py
[2026-07-16T21:43:13.275+0000] {processor.py:829} INFO - Processing file /opt/airflow/dags/air_quality_pipeline.py for tasks to queue
[2026-07-16T21:43:13.276+0000] {logging_mixin.py:151} INFO - [2026-07-16T21:43:13.276+0000] {dagbag.py:539} INFO - Filling up the DagBag from /opt/airflow/dags/air_quality_pipeline.py
[2026-07-16T21:43:13.284+0000] {logging_mixin.py:151} INFO - [2026-07-16T21:43:13.283+0000] {dagbag.py:347} ERROR - Failed to import: /opt/airflow/dags/air_quality_pipeline.py
Traceback (most recent call last):
  File "/home/airflow/.local/lib/python3.9/site-packages/airflow/models/dagbag.py", line 343, in parse
    loader.exec_module(new_module)
  File "<frozen importlib._bootstrap_external>", line 850, in exec_module
  File "<frozen importlib._bootstrap>", line 228, in _call_with_frames_removed
  File "/opt/airflow/dags/air_quality_pipeline.py", line 21, in <module>
    from extract import extract_air_quality_data
ImportError: cannot import name 'extract_air_quality_data' from 'extract' (/opt/airflow/scripts/extract.py)
[2026-07-16T21:43:13.285+0000] {processor.py:841} WARNING - No viable dags retrieved from /opt/airflow/dags/air_quality_pipeline.py
[2026-07-16T21:43:13.314+0000] {processor.py:179} INFO - Processing /opt/airflow/dags/air_quality_pipeline.py took 0.046 seconds
[2026-07-16T21:43:43.460+0000] {processor.py:157} INFO - Started process (PID=697) to work on /opt/airflow/dags/air_quality_pipeline.py
[2026-07-16T21:43:43.463+0000] {processor.py:829} INFO - Processing file /opt/airflow/dags/air_quality_pipeline.py for tasks to queue
[2026-07-16T21:43:43.464+0000] {logging_mixin.py:151} INFO - [2026-07-16T21:43:43.464+0000] {dagbag.py:539} INFO - Filling up the DagBag from /opt/airflow/dags/air_quality_pipeline.py
[2026-07-16T21:43:43.471+0000] {logging_mixin.py:151} INFO - [2026-07-16T21:43:43.470+0000] {dagbag.py:347} ERROR - Failed to import: /opt/airflow/dags/air_quality_pipeline.py
Traceback (most recent call last):
  File "/home/airflow/.local/lib/python3.9/site-packages/airflow/models/dagbag.py", line 343, in parse
    loader.exec_module(new_module)
  File "<frozen importlib._bootstrap_external>", line 850, in exec_module
  File "<frozen importlib._bootstrap>", line 228, in _call_with_frames_removed
  File "/opt/airflow/dags/air_quality_pipeline.py", line 21, in <module>
    from extract import extract_air_quality_data
ImportError: cannot import name 'extract_air_quality_data' from 'extract' (/opt/airflow/scripts/extract.py)
[2026-07-16T21:43:43.471+0000] {processor.py:841} WARNING - No viable dags retrieved from /opt/airflow/dags/air_quality_pipeline.py
[2026-07-16T21:43:43.498+0000] {processor.py:179} INFO - Processing /opt/airflow/dags/air_quality_pipeline.py took 0.043 seconds
[2026-07-16T21:44:13.655+0000] {processor.py:157} INFO - Started process (PID=702) to work on /opt/airflow/dags/air_quality_pipeline.py
[2026-07-16T21:44:13.658+0000] {processor.py:829} INFO - Processing file /opt/airflow/dags/air_quality_pipeline.py for tasks to queue
[2026-07-16T21:44:13.659+0000] {logging_mixin.py:151} INFO - [2026-07-16T21:44:13.659+0000] {dagbag.py:539} INFO - Filling up the DagBag from /opt/airflow/dags/air_quality_pipeline.py
[2026-07-16T21:44:13.668+0000] {logging_mixin.py:151} INFO - [2026-07-16T21:44:13.667+0000] {dagbag.py:347} ERROR - Failed to import: /opt/airflow/dags/air_quality_pipeline.py
Traceback (most recent call last):
  File "/home/airflow/.local/lib/python3.9/site-packages/airflow/models/dagbag.py", line 343, in parse
    loader.exec_module(new_module)
  File "<frozen importlib._bootstrap_external>", line 850, in exec_module
  File "<frozen importlib._bootstrap>", line 228, in _call_with_frames_removed
  File "/opt/airflow/dags/air_quality_pipeline.py", line 21, in <module>
    from extract import extract_air_quality_data
ImportError: cannot import name 'extract_air_quality_data' from 'extract' (/opt/airflow/scripts/extract.py)
[2026-07-16T21:44:13.669+0000] {processor.py:841} WARNING - No viable dags retrieved from /opt/airflow/dags/air_quality_pipeline.py
[2026-07-16T21:44:13.699+0000] {processor.py:179} INFO - Processing /opt/airflow/dags/air_quality_pipeline.py took 0.049 seconds
[2026-07-16T21:44:43.874+0000] {processor.py:157} INFO - Started process (PID=707) to work on /opt/airflow/dags/air_quality_pipeline.py
[2026-07-16T21:44:43.875+0000] {processor.py:829} INFO - Processing file /opt/airflow/dags/air_quality_pipeline.py for tasks to queue
[2026-07-16T21:44:43.877+0000] {logging_mixin.py:151} INFO - [2026-07-16T21:44:43.876+0000] {dagbag.py:539} INFO - Filling up the DagBag from /opt/airflow/dags/air_quality_pipeline.py
[2026-07-16T21:44:43.883+0000] {logging_mixin.py:151} INFO - [2026-07-16T21:44:43.882+0000] {dagbag.py:347} ERROR - Failed to import: /opt/airflow/dags/air_quality_pipeline.py
Traceback (most recent call last):
  File "/home/airflow/.local/lib/python3.9/site-packages/airflow/models/dagbag.py", line 343, in parse
    loader.exec_module(new_module)
  File "<frozen importlib._bootstrap_external>", line 850, in exec_module
  File "<frozen importlib._bootstrap>", line 228, in _call_with_frames_removed
  File "/opt/airflow/dags/air_quality_pipeline.py", line 21, in <module>
    from extract import extract_air_quality_data
ImportError: cannot import name 'extract_air_quality_data' from 'extract' (/opt/airflow/scripts/extract.py)
[2026-07-16T21:44:43.883+0000] {processor.py:841} WARNING - No viable dags retrieved from /opt/airflow/dags/air_quality_pipeline.py
[2026-07-16T21:44:43.910+0000] {processor.py:179} INFO - Processing /opt/airflow/dags/air_quality_pipeline.py took 0.041 seconds
[2026-07-16T21:45:14.108+0000] {processor.py:157} INFO - Started process (PID=712) to work on /opt/airflow/dags/air_quality_pipeline.py
[2026-07-16T21:45:14.109+0000] {processor.py:829} INFO - Processing file /opt/airflow/dags/air_quality_pipeline.py for tasks to queue
[2026-07-16T21:45:14.111+0000] {logging_mixin.py:151} INFO - [2026-07-16T21:45:14.110+0000] {dagbag.py:539} INFO - Filling up the DagBag from /opt/airflow/dags/air_quality_pipeline.py
[2026-07-16T21:45:14.119+0000] {logging_mixin.py:151} INFO - [2026-07-16T21:45:14.117+0000] {dagbag.py:347} ERROR - Failed to import: /opt/airflow/dags/air_quality_pipeline.py
Traceback (most recent call last):
  File "/home/airflow/.local/lib/python3.9/site-packages/airflow/models/dagbag.py", line 343, in parse
    loader.exec_module(new_module)
  File "<frozen importlib._bootstrap_external>", line 850, in exec_module
  File "<frozen importlib._bootstrap>", line 228, in _call_with_frames_removed
  File "/opt/airflow/dags/air_quality_pipeline.py", line 21, in <module>
    from extract import extract_air_quality_data
ImportError: cannot import name 'extract_air_quality_data' from 'extract' (/opt/airflow/scripts/extract.py)
[2026-07-16T21:45:14.119+0000] {processor.py:841} WARNING - No viable dags retrieved from /opt/airflow/dags/air_quality_pipeline.py
[2026-07-16T21:45:14.153+0000] {processor.py:179} INFO - Processing /opt/airflow/dags/air_quality_pipeline.py took 0.053 seconds
[2026-07-16T21:45:44.341+0000] {processor.py:157} INFO - Started process (PID=717) to work on /opt/airflow/dags/air_quality_pipeline.py
[2026-07-16T21:45:44.342+0000] {processor.py:829} INFO - Processing file /opt/airflow/dags/air_quality_pipeline.py for tasks to queue
[2026-07-16T21:45:44.346+0000] {logging_mixin.py:151} INFO - [2026-07-16T21:45:44.343+0000] {dagbag.py:539} INFO - Filling up the DagBag from /opt/airflow/dags/air_quality_pipeline.py
[2026-07-16T21:45:44.367+0000] {logging_mixin.py:151} INFO - [2026-07-16T21:45:44.365+0000] {dagbag.py:347} ERROR - Failed to import: /opt/airflow/dags/air_quality_pipeline.py
Traceback (most recent call last):
  File "/home/airflow/.local/lib/python3.9/site-packages/airflow/models/dagbag.py", line 343, in parse
    loader.exec_module(new_module)
  File "<frozen importlib._bootstrap_external>", line 850, in exec_module
  File "<frozen importlib._bootstrap>", line 228, in _call_with_frames_removed
  File "/opt/airflow/dags/air_quality_pipeline.py", line 21, in <module>
    from extract import extract_air_quality_data
ImportError: cannot import name 'extract_air_quality_data' from 'extract' (/opt/airflow/scripts/extract.py)
[2026-07-16T21:45:44.368+0000] {processor.py:841} WARNING - No viable dags retrieved from /opt/airflow/dags/air_quality_pipeline.py
[2026-07-16T21:45:44.404+0000] {processor.py:179} INFO - Processing /opt/airflow/dags/air_quality_pipeline.py took 0.078 seconds
[2026-07-16T21:46:14.510+0000] {processor.py:157} INFO - Started process (PID=722) to work on /opt/airflow/dags/air_quality_pipeline.py
[2026-07-16T21:46:14.511+0000] {processor.py:829} INFO - Processing file /opt/airflow/dags/air_quality_pipeline.py for tasks to queue
[2026-07-16T21:46:14.512+0000] {logging_mixin.py:151} INFO - [2026-07-16T21:46:14.512+0000] {dagbag.py:539} INFO - Filling up the DagBag from /opt/airflow/dags/air_quality_pipeline.py
[2026-07-16T21:46:14.520+0000] {logging_mixin.py:151} INFO - [2026-07-16T21:46:14.519+0000] {dagbag.py:347} ERROR - Failed to import: /opt/airflow/dags/air_quality_pipeline.py
Traceback (most recent call last):
  File "/home/airflow/.local/lib/python3.9/site-packages/airflow/models/dagbag.py", line 343, in parse
    loader.exec_module(new_module)
  File "<frozen importlib._bootstrap_external>", line 850, in exec_module
  File "<frozen importlib._bootstrap>", line 228, in _call_with_frames_removed
  File "/opt/airflow/dags/air_quality_pipeline.py", line 21, in <module>
    from extract import extract_air_quality_data
ImportError: cannot import name 'extract_air_quality_data' from 'extract' (/opt/airflow/scripts/extract.py)
[2026-07-16T21:46:14.520+0000] {processor.py:841} WARNING - No viable dags retrieved from /opt/airflow/dags/air_quality_pipeline.py
[2026-07-16T21:46:14.541+0000] {processor.py:179} INFO - Processing /opt/airflow/dags/air_quality_pipeline.py took 0.036 seconds
[2026-07-16T21:46:44.711+0000] {processor.py:157} INFO - Started process (PID=727) to work on /opt/airflow/dags/air_quality_pipeline.py
[2026-07-16T21:46:44.712+0000] {processor.py:829} INFO - Processing file /opt/airflow/dags/air_quality_pipeline.py for tasks to queue
[2026-07-16T21:46:44.714+0000] {logging_mixin.py:151} INFO - [2026-07-16T21:46:44.713+0000] {dagbag.py:539} INFO - Filling up the DagBag from /opt/airflow/dags/air_quality_pipeline.py
[2026-07-16T21:46:44.720+0000] {logging_mixin.py:151} INFO - [2026-07-16T21:46:44.719+0000] {dagbag.py:347} ERROR - Failed to import: /opt/airflow/dags/air_quality_pipeline.py
Traceback (most recent call last):
  File "/home/airflow/.local/lib/python3.9/site-packages/airflow/models/dagbag.py", line 343, in parse
    loader.exec_module(new_module)
  File "<frozen importlib._bootstrap_external>", line 850, in exec_module
  File "<frozen importlib._bootstrap>", line 228, in _call_with_frames_removed
  File "/opt/airflow/dags/air_quality_pipeline.py", line 21, in <module>
    from extract import extract_air_quality_data
ImportError: cannot import name 'extract_air_quality_data' from 'extract' (/opt/airflow/scripts/extract.py)
[2026-07-16T21:46:44.720+0000] {processor.py:841} WARNING - No viable dags retrieved from /opt/airflow/dags/air_quality_pipeline.py
[2026-07-16T21:46:44.747+0000] {processor.py:179} INFO - Processing /opt/airflow/dags/air_quality_pipeline.py took 0.040 seconds
[2026-07-16T21:47:14.901+0000] {processor.py:157} INFO - Started process (PID=732) to work on /opt/airflow/dags/air_quality_pipeline.py
[2026-07-16T21:47:14.904+0000] {processor.py:829} INFO - Processing file /opt/airflow/dags/air_quality_pipeline.py for tasks to queue
[2026-07-16T21:47:14.905+0000] {logging_mixin.py:151} INFO - [2026-07-16T21:47:14.905+0000] {dagbag.py:539} INFO - Filling up the DagBag from /opt/airflow/dags/air_quality_pipeline.py
[2026-07-16T21:47:14.912+0000] {logging_mixin.py:151} INFO - [2026-07-16T21:47:14.911+0000] {dagbag.py:347} ERROR - Failed to import: /opt/airflow/dags/air_quality_pipeline.py
Traceback (most recent call last):
  File "/home/airflow/.local/lib/python3.9/site-packages/airflow/models/dagbag.py", line 343, in parse
    loader.exec_module(new_module)
  File "<frozen importlib._bootstrap_external>", line 850, in exec_module
  File "<frozen importlib._bootstrap>", line 228, in _call_with_frames_removed
  File "/opt/airflow/dags/air_quality_pipeline.py", line 21, in <module>
    from extract import extract_air_quality_data
ImportError: cannot import name 'extract_air_quality_data' from 'extract' (/opt/airflow/scripts/extract.py)
[2026-07-16T21:47:14.912+0000] {processor.py:841} WARNING - No viable dags retrieved from /opt/airflow/dags/air_quality_pipeline.py
[2026-07-16T21:47:14.939+0000] {processor.py:179} INFO - Processing /opt/airflow/dags/air_quality_pipeline.py took 0.042 seconds
[2026-07-16T21:47:45.092+0000] {processor.py:157} INFO - Started process (PID=737) to work on /opt/airflow/dags/air_quality_pipeline.py
[2026-07-16T21:47:45.093+0000] {processor.py:829} INFO - Processing file /opt/airflow/dags/air_quality_pipeline.py for tasks to queue
[2026-07-16T21:47:45.094+0000] {logging_mixin.py:151} INFO - [2026-07-16T21:47:45.093+0000] {dagbag.py:539} INFO - Filling up the DagBag from /opt/airflow/dags/air_quality_pipeline.py
[2026-07-16T21:47:45.098+0000] {logging_mixin.py:151} INFO - [2026-07-16T21:47:45.097+0000] {dagbag.py:347} ERROR - Failed to import: /opt/airflow/dags/air_quality_pipeline.py
Traceback (most recent call last):
  File "/home/airflow/.local/lib/python3.9/site-packages/airflow/models/dagbag.py", line 343, in parse
    loader.exec_module(new_module)
  File "<frozen importlib._bootstrap_external>", line 850, in exec_module
  File "<frozen importlib._bootstrap>", line 228, in _call_with_frames_removed
  File "/opt/airflow/dags/air_quality_pipeline.py", line 21, in <module>
    from extract import extract_air_quality_data
ImportError: cannot import name 'extract_air_quality_data' from 'extract' (/opt/airflow/scripts/extract.py)
[2026-07-16T21:47:45.098+0000] {processor.py:841} WARNING - No viable dags retrieved from /opt/airflow/dags/air_quality_pipeline.py
[2026-07-16T21:47:45.118+0000] {processor.py:179} INFO - Processing /opt/airflow/dags/air_quality_pipeline.py took 0.032 seconds
[2026-07-16T21:48:15.292+0000] {processor.py:157} INFO - Started process (PID=742) to work on /opt/airflow/dags/air_quality_pipeline.py
[2026-07-16T21:48:15.292+0000] {processor.py:829} INFO - Processing file /opt/airflow/dags/air_quality_pipeline.py for tasks to queue
[2026-07-16T21:48:15.293+0000] {logging_mixin.py:151} INFO - [2026-07-16T21:48:15.293+0000] {dagbag.py:539} INFO - Filling up the DagBag from /opt/airflow/dags/air_quality_pipeline.py
[2026-07-16T21:48:15.299+0000] {logging_mixin.py:151} INFO - [2026-07-16T21:48:15.298+0000] {dagbag.py:347} ERROR - Failed to import: /opt/airflow/dags/air_quality_pipeline.py
Traceback (most recent call last):
  File "/home/airflow/.local/lib/python3.9/site-packages/airflow/models/dagbag.py", line 343, in parse
    loader.exec_module(new_module)
  File "<frozen importlib._bootstrap_external>", line 850, in exec_module
  File "<frozen importlib._bootstrap>", line 228, in _call_with_frames_removed
  File "/opt/airflow/dags/air_quality_pipeline.py", line 21, in <module>
    from extract import extract_air_quality_data
ImportError: cannot import name 'extract_air_quality_data' from 'extract' (/opt/airflow/scripts/extract.py)
[2026-07-16T21:48:15.299+0000] {processor.py:841} WARNING - No viable dags retrieved from /opt/airflow/dags/air_quality_pipeline.py
[2026-07-16T21:48:15.319+0000] {processor.py:179} INFO - Processing /opt/airflow/dags/air_quality_pipeline.py took 0.030 seconds
[2026-07-16T21:48:45.499+0000] {processor.py:157} INFO - Started process (PID=747) to work on /opt/airflow/dags/air_quality_pipeline.py
[2026-07-16T21:48:45.500+0000] {processor.py:829} INFO - Processing file /opt/airflow/dags/air_quality_pipeline.py for tasks to queue
[2026-07-16T21:48:45.501+0000] {logging_mixin.py:151} INFO - [2026-07-16T21:48:45.501+0000] {dagbag.py:539} INFO - Filling up the DagBag from /opt/airflow/dags/air_quality_pipeline.py
[2026-07-16T21:48:45.510+0000] {logging_mixin.py:151} INFO - [2026-07-16T21:48:45.509+0000] {dagbag.py:347} ERROR - Failed to import: /opt/airflow/dags/air_quality_pipeline.py
Traceback (most recent call last):
  File "/home/airflow/.local/lib/python3.9/site-packages/airflow/models/dagbag.py", line 343, in parse
    loader.exec_module(new_module)
  File "<frozen importlib._bootstrap_external>", line 850, in exec_module
  File "<frozen importlib._bootstrap>", line 228, in _call_with_frames_removed
  File "/opt/airflow/dags/air_quality_pipeline.py", line 21, in <module>
    from extract import extract_air_quality_data
ImportError: cannot import name 'extract_air_quality_data' from 'extract' (/opt/airflow/scripts/extract.py)
[2026-07-16T21:48:45.511+0000] {processor.py:841} WARNING - No viable dags retrieved from /opt/airflow/dags/air_quality_pipeline.py
[2026-07-16T21:48:45.537+0000] {processor.py:179} INFO - Processing /opt/airflow/dags/air_quality_pipeline.py took 0.043 seconds
[2026-07-16T21:49:15.704+0000] {processor.py:157} INFO - Started process (PID=752) to work on /opt/airflow/dags/air_quality_pipeline.py
[2026-07-16T21:49:15.705+0000] {processor.py:829} INFO - Processing file /opt/airflow/dags/air_quality_pipeline.py for tasks to queue
[2026-07-16T21:49:15.705+0000] {logging_mixin.py:151} INFO - [2026-07-16T21:49:15.705+0000] {dagbag.py:539} INFO - Filling up the DagBag from /opt/airflow/dags/air_quality_pipeline.py
[2026-07-16T21:49:15.712+0000] {logging_mixin.py:151} INFO - [2026-07-16T21:49:15.711+0000] {dagbag.py:347} ERROR - Failed to import: /opt/airflow/dags/air_quality_pipeline.py
Traceback (most recent call last):
  File "/home/airflow/.local/lib/python3.9/site-packages/airflow/models/dagbag.py", line 343, in parse
    loader.exec_module(new_module)
  File "<frozen importlib._bootstrap_external>", line 850, in exec_module
  File "<frozen importlib._bootstrap>", line 228, in _call_with_frames_removed
  File "/opt/airflow/dags/air_quality_pipeline.py", line 21, in <module>
    from extract import extract_air_quality_data
ImportError: cannot import name 'extract_air_quality_data' from 'extract' (/opt/airflow/scripts/extract.py)
[2026-07-16T21:49:15.712+0000] {processor.py:841} WARNING - No viable dags retrieved from /opt/airflow/dags/air_quality_pipeline.py
[2026-07-16T21:49:15.730+0000] {processor.py:179} INFO - Processing /opt/airflow/dags/air_quality_pipeline.py took 0.029 seconds
[2026-07-16T21:49:45.907+0000] {processor.py:157} INFO - Started process (PID=757) to work on /opt/airflow/dags/air_quality_pipeline.py
[2026-07-16T21:49:45.910+0000] {processor.py:829} INFO - Processing file /opt/airflow/dags/air_quality_pipeline.py for tasks to queue
[2026-07-16T21:49:45.912+0000] {logging_mixin.py:151} INFO - [2026-07-16T21:49:45.911+0000] {dagbag.py:539} INFO - Filling up the DagBag from /opt/airflow/dags/air_quality_pipeline.py
[2026-07-16T21:49:45.922+0000] {logging_mixin.py:151} INFO - [2026-07-16T21:49:45.921+0000] {dagbag.py:347} ERROR - Failed to import: /opt/airflow/dags/air_quality_pipeline.py
Traceback (most recent call last):
  File "/home/airflow/.local/lib/python3.9/site-packages/airflow/models/dagbag.py", line 343, in parse
    loader.exec_module(new_module)
  File "<frozen importlib._bootstrap_external>", line 850, in exec_module
  File "<frozen importlib._bootstrap>", line 228, in _call_with_frames_removed
  File "/opt/airflow/dags/air_quality_pipeline.py", line 21, in <module>
    from extract import extract_air_quality_data
ImportError: cannot import name 'extract_air_quality_data' from 'extract' (/opt/airflow/scripts/extract.py)
[2026-07-16T21:49:45.923+0000] {processor.py:841} WARNING - No viable dags retrieved from /opt/airflow/dags/air_quality_pipeline.py
[2026-07-16T21:49:45.939+0000] {processor.py:179} INFO - Processing /opt/airflow/dags/air_quality_pipeline.py took 0.037 seconds
[2026-07-16T21:50:16.120+0000] {processor.py:157} INFO - Started process (PID=762) to work on /opt/airflow/dags/air_quality_pipeline.py
[2026-07-16T21:50:16.121+0000] {processor.py:829} INFO - Processing file /opt/airflow/dags/air_quality_pipeline.py for tasks to queue
[2026-07-16T21:50:16.122+0000] {logging_mixin.py:151} INFO - [2026-07-16T21:50:16.122+0000] {dagbag.py:539} INFO - Filling up the DagBag from /opt/airflow/dags/air_quality_pipeline.py
[2026-07-16T21:50:16.129+0000] {logging_mixin.py:151} INFO - [2026-07-16T21:50:16.128+0000] {dagbag.py:347} ERROR - Failed to import: /opt/airflow/dags/air_quality_pipeline.py
Traceback (most recent call last):
  File "/home/airflow/.local/lib/python3.9/site-packages/airflow/models/dagbag.py", line 343, in parse
    loader.exec_module(new_module)
  File "<frozen importlib._bootstrap_external>", line 850, in exec_module
  File "<frozen importlib._bootstrap>", line 228, in _call_with_frames_removed
  File "/opt/airflow/dags/air_quality_pipeline.py", line 21, in <module>
    from extract import extract_air_quality_data
ImportError: cannot import name 'extract_air_quality_data' from 'extract' (/opt/airflow/scripts/extract.py)
[2026-07-16T21:50:16.130+0000] {processor.py:841} WARNING - No viable dags retrieved from /opt/airflow/dags/air_quality_pipeline.py
[2026-07-16T21:50:16.157+0000] {processor.py:179} INFO - Processing /opt/airflow/dags/air_quality_pipeline.py took 0.044 seconds
[2026-07-16T21:50:46.343+0000] {processor.py:157} INFO - Started process (PID=767) to work on /opt/airflow/dags/air_quality_pipeline.py
[2026-07-16T21:50:46.347+0000] {processor.py:829} INFO - Processing file /opt/airflow/dags/air_quality_pipeline.py for tasks to queue
[2026-07-16T21:50:46.348+0000] {logging_mixin.py:151} INFO - [2026-07-16T21:50:46.348+0000] {dagbag.py:539} INFO - Filling up the DagBag from /opt/airflow/dags/air_quality_pipeline.py
[2026-07-16T21:50:46.355+0000] {logging_mixin.py:151} INFO - [2026-07-16T21:50:46.354+0000] {dagbag.py:347} ERROR - Failed to import: /opt/airflow/dags/air_quality_pipeline.py
Traceback (most recent call last):
  File "/home/airflow/.local/lib/python3.9/site-packages/airflow/models/dagbag.py", line 343, in parse
    loader.exec_module(new_module)
  File "<frozen importlib._bootstrap_external>", line 850, in exec_module
  File "<frozen importlib._bootstrap>", line 228, in _call_with_frames_removed
  File "/opt/airflow/dags/air_quality_pipeline.py", line 21, in <module>
    from extract import extract_air_quality_data
ImportError: cannot import name 'extract_air_quality_data' from 'extract' (/opt/airflow/scripts/extract.py)
[2026-07-16T21:50:46.356+0000] {processor.py:841} WARNING - No viable dags retrieved from /opt/airflow/dags/air_quality_pipeline.py
[2026-07-16T21:50:46.381+0000] {processor.py:179} INFO - Processing /opt/airflow/dags/air_quality_pipeline.py took 0.042 seconds
[2026-07-16T21:51:16.542+0000] {processor.py:157} INFO - Started process (PID=772) to work on /opt/airflow/dags/air_quality_pipeline.py
[2026-07-16T21:51:16.543+0000] {processor.py:829} INFO - Processing file /opt/airflow/dags/air_quality_pipeline.py for tasks to queue
[2026-07-16T21:51:16.544+0000] {logging_mixin.py:151} INFO - [2026-07-16T21:51:16.544+0000] {dagbag.py:539} INFO - Filling up the DagBag from /opt/airflow/dags/air_quality_pipeline.py
[2026-07-16T21:51:16.568+0000] {logging_mixin.py:151} INFO - [2026-07-16T21:51:16.565+0000] {dagbag.py:347} ERROR - Failed to import: /opt/airflow/dags/air_quality_pipeline.py
Traceback (most recent call last):
  File "/home/airflow/.local/lib/python3.9/site-packages/airflow/models/dagbag.py", line 343, in parse
    loader.exec_module(new_module)
  File "<frozen importlib._bootstrap_external>", line 850, in exec_module
  File "<frozen importlib._bootstrap>", line 228, in _call_with_frames_removed
  File "/opt/airflow/dags/air_quality_pipeline.py", line 21, in <module>
    from extract import extract_air_quality_data
ImportError: cannot import name 'extract_air_quality_data' from 'extract' (/opt/airflow/scripts/extract.py)
[2026-07-16T21:51:16.569+0000] {processor.py:841} WARNING - No viable dags retrieved from /opt/airflow/dags/air_quality_pipeline.py
[2026-07-16T21:51:16.604+0000] {processor.py:179} INFO - Processing /opt/airflow/dags/air_quality_pipeline.py took 0.075 seconds
[2026-07-16T21:51:43.403+0000] {processor.py:157} INFO - Started process (PID=180) to work on /opt/airflow/dags/air_quality_pipeline.py
[2026-07-16T21:51:43.404+0000] {processor.py:829} INFO - Processing file /opt/airflow/dags/air_quality_pipeline.py for tasks to queue
[2026-07-16T21:51:43.405+0000] {logging_mixin.py:151} INFO - [2026-07-16T21:51:43.405+0000] {dagbag.py:539} INFO - Filling up the DagBag from /opt/airflow/dags/air_quality_pipeline.py
[2026-07-16T21:51:43.409+0000] {logging_mixin.py:151} INFO - [2026-07-16T21:51:43.408+0000] {dagbag.py:347} ERROR - Failed to import: /opt/airflow/dags/air_quality_pipeline.py
Traceback (most recent call last):
  File "/home/airflow/.local/lib/python3.9/site-packages/airflow/models/dagbag.py", line 343, in parse
    loader.exec_module(new_module)
  File "<frozen importlib._bootstrap_external>", line 850, in exec_module
  File "<frozen importlib._bootstrap>", line 228, in _call_with_frames_removed
  File "/opt/airflow/dags/air_quality_pipeline.py", line 21, in <module>
    from extract import extract_air_quality_data
ImportError: cannot import name 'extract_air_quality_data' from 'extract' (/opt/airflow/scripts/extract.py)
[2026-07-16T21:51:43.409+0000] {processor.py:841} WARNING - No viable dags retrieved from /opt/airflow/dags/air_quality_pipeline.py
[2026-07-16T21:51:43.428+0000] {processor.py:179} INFO - Processing /opt/airflow/dags/air_quality_pipeline.py took 0.028 seconds
[2026-07-16T21:52:13.609+0000] {processor.py:157} INFO - Started process (PID=186) to work on /opt/airflow/dags/air_quality_pipeline.py
[2026-07-16T21:52:13.611+0000] {processor.py:829} INFO - Processing file /opt/airflow/dags/air_quality_pipeline.py for tasks to queue
[2026-07-16T21:52:13.612+0000] {logging_mixin.py:151} INFO - [2026-07-16T21:52:13.612+0000] {dagbag.py:539} INFO - Filling up the DagBag from /opt/airflow/dags/air_quality_pipeline.py
[2026-07-16T21:52:13.618+0000] {logging_mixin.py:151} INFO - [2026-07-16T21:52:13.617+0000] {dagbag.py:347} ERROR - Failed to import: /opt/airflow/dags/air_quality_pipeline.py
Traceback (most recent call last):
  File "/home/airflow/.local/lib/python3.9/site-packages/airflow/models/dagbag.py", line 343, in parse
    loader.exec_module(new_module)
  File "<frozen importlib._bootstrap_external>", line 850, in exec_module
  File "<frozen importlib._bootstrap>", line 228, in _call_with_frames_removed
  File "/opt/airflow/dags/air_quality_pipeline.py", line 21, in <module>
    from extract import extract_air_quality_data
ImportError: cannot import name 'extract_air_quality_data' from 'extract' (/opt/airflow/scripts/extract.py)
[2026-07-16T21:52:13.618+0000] {processor.py:841} WARNING - No viable dags retrieved from /opt/airflow/dags/air_quality_pipeline.py
[2026-07-16T21:52:13.642+0000] {processor.py:179} INFO - Processing /opt/airflow/dags/air_quality_pipeline.py took 0.036 seconds
[2026-07-16T21:52:43.805+0000] {processor.py:157} INFO - Started process (PID=191) to work on /opt/airflow/dags/air_quality_pipeline.py
[2026-07-16T21:52:43.807+0000] {processor.py:829} INFO - Processing file /opt/airflow/dags/air_quality_pipeline.py for tasks to queue
[2026-07-16T21:52:43.807+0000] {logging_mixin.py:151} INFO - [2026-07-16T21:52:43.807+0000] {dagbag.py:539} INFO - Filling up the DagBag from /opt/airflow/dags/air_quality_pipeline.py
[2026-07-16T21:52:43.812+0000] {logging_mixin.py:151} INFO - [2026-07-16T21:52:43.811+0000] {dagbag.py:347} ERROR - Failed to import: /opt/airflow/dags/air_quality_pipeline.py
Traceback (most recent call last):
  File "/home/airflow/.local/lib/python3.9/site-packages/airflow/models/dagbag.py", line 343, in parse
    loader.exec_module(new_module)
  File "<frozen importlib._bootstrap_external>", line 850, in exec_module
  File "<frozen importlib._bootstrap>", line 228, in _call_with_frames_removed
  File "/opt/airflow/dags/air_quality_pipeline.py", line 21, in <module>
    from extract import extract_air_quality_data
ImportError: cannot import name 'extract_air_quality_data' from 'extract' (/opt/airflow/scripts/extract.py)
[2026-07-16T21:52:43.812+0000] {processor.py:841} WARNING - No viable dags retrieved from /opt/airflow/dags/air_quality_pipeline.py
[2026-07-16T21:52:43.834+0000] {processor.py:179} INFO - Processing /opt/airflow/dags/air_quality_pipeline.py took 0.032 seconds
[2026-07-16T21:53:13.958+0000] {processor.py:157} INFO - Started process (PID=196) to work on /opt/airflow/dags/air_quality_pipeline.py
[2026-07-16T21:53:13.964+0000] {processor.py:829} INFO - Processing file /opt/airflow/dags/air_quality_pipeline.py for tasks to queue
[2026-07-16T21:53:13.964+0000] {logging_mixin.py:151} INFO - [2026-07-16T21:53:13.964+0000] {dagbag.py:539} INFO - Filling up the DagBag from /opt/airflow/dags/air_quality_pipeline.py
[2026-07-16T21:53:13.970+0000] {logging_mixin.py:151} INFO - [2026-07-16T21:53:13.969+0000] {dagbag.py:347} ERROR - Failed to import: /opt/airflow/dags/air_quality_pipeline.py
Traceback (most recent call last):
  File "/home/airflow/.local/lib/python3.9/site-packages/airflow/models/dagbag.py", line 343, in parse
    loader.exec_module(new_module)
  File "<frozen importlib._bootstrap_external>", line 850, in exec_module
  File "<frozen importlib._bootstrap>", line 228, in _call_with_frames_removed
  File "/opt/airflow/dags/air_quality_pipeline.py", line 21, in <module>
    from extract import extract_air_quality_data
ImportError: cannot import name 'extract_air_quality_data' from 'extract' (/opt/airflow/scripts/extract.py)
[2026-07-16T21:53:13.970+0000] {processor.py:841} WARNING - No viable dags retrieved from /opt/airflow/dags/air_quality_pipeline.py
[2026-07-16T21:53:13.987+0000] {processor.py:179} INFO - Processing /opt/airflow/dags/air_quality_pipeline.py took 0.032 seconds
[2026-07-16T21:53:44.162+0000] {processor.py:157} INFO - Started process (PID=201) to work on /opt/airflow/dags/air_quality_pipeline.py
[2026-07-16T21:53:44.162+0000] {processor.py:829} INFO - Processing file /opt/airflow/dags/air_quality_pipeline.py for tasks to queue
[2026-07-16T21:53:44.164+0000] {logging_mixin.py:151} INFO - [2026-07-16T21:53:44.163+0000] {dagbag.py:539} INFO - Filling up the DagBag from /opt/airflow/dags/air_quality_pipeline.py
[2026-07-16T21:53:44.176+0000] {logging_mixin.py:151} INFO - [2026-07-16T21:53:44.175+0000] {dagbag.py:347} ERROR - Failed to import: /opt/airflow/dags/air_quality_pipeline.py
Traceback (most recent call last):
  File "/home/airflow/.local/lib/python3.9/site-packages/airflow/models/dagbag.py", line 343, in parse
    loader.exec_module(new_module)
  File "<frozen importlib._bootstrap_external>", line 850, in exec_module
  File "<frozen importlib._bootstrap>", line 228, in _call_with_frames_removed
  File "/opt/airflow/dags/air_quality_pipeline.py", line 21, in <module>
    from extract import extract_air_quality_data
ImportError: cannot import name 'extract_air_quality_data' from 'extract' (/opt/airflow/scripts/extract.py)
[2026-07-16T21:53:44.177+0000] {processor.py:841} WARNING - No viable dags retrieved from /opt/airflow/dags/air_quality_pipeline.py
[2026-07-16T21:53:44.191+0000] {processor.py:179} INFO - Processing /opt/airflow/dags/air_quality_pipeline.py took 0.040 seconds
[2026-07-16T21:54:14.327+0000] {processor.py:157} INFO - Started process (PID=206) to work on /opt/airflow/dags/air_quality_pipeline.py
[2026-07-16T21:54:14.327+0000] {processor.py:829} INFO - Processing file /opt/airflow/dags/air_quality_pipeline.py for tasks to queue
[2026-07-16T21:54:14.328+0000] {logging_mixin.py:151} INFO - [2026-07-16T21:54:14.328+0000] {dagbag.py:539} INFO - Filling up the DagBag from /opt/airflow/dags/air_quality_pipeline.py
[2026-07-16T21:54:14.333+0000] {logging_mixin.py:151} INFO - [2026-07-16T21:54:14.332+0000] {dagbag.py:347} ERROR - Failed to import: /opt/airflow/dags/air_quality_pipeline.py
Traceback (most recent call last):
  File "/home/airflow/.local/lib/python3.9/site-packages/airflow/models/dagbag.py", line 343, in parse
    loader.exec_module(new_module)
  File "<frozen importlib._bootstrap_external>", line 850, in exec_module
  File "<frozen importlib._bootstrap>", line 228, in _call_with_frames_removed
  File "/opt/airflow/dags/air_quality_pipeline.py", line 21, in <module>
    from extract import extract_air_quality_data
ImportError: cannot import name 'extract_air_quality_data' from 'extract' (/opt/airflow/scripts/extract.py)
[2026-07-16T21:54:14.333+0000] {processor.py:841} WARNING - No viable dags retrieved from /opt/airflow/dags/air_quality_pipeline.py
[2026-07-16T21:54:14.358+0000] {processor.py:179} INFO - Processing /opt/airflow/dags/air_quality_pipeline.py took 0.034 seconds
[2026-07-16T21:54:44.529+0000] {processor.py:157} INFO - Started process (PID=211) to work on /opt/airflow/dags/air_quality_pipeline.py
[2026-07-16T21:54:44.530+0000] {processor.py:829} INFO - Processing file /opt/airflow/dags/air_quality_pipeline.py for tasks to queue
[2026-07-16T21:54:44.531+0000] {logging_mixin.py:151} INFO - [2026-07-16T21:54:44.531+0000] {dagbag.py:539} INFO - Filling up the DagBag from /opt/airflow/dags/air_quality_pipeline.py
[2026-07-16T21:54:44.540+0000] {logging_mixin.py:151} INFO - [2026-07-16T21:54:44.539+0000] {dagbag.py:347} ERROR - Failed to import: /opt/airflow/dags/air_quality_pipeline.py
Traceback (most recent call last):
  File "/home/airflow/.local/lib/python3.9/site-packages/airflow/models/dagbag.py", line 343, in parse
    loader.exec_module(new_module)
  File "<frozen importlib._bootstrap_external>", line 850, in exec_module
  File "<frozen importlib._bootstrap>", line 228, in _call_with_frames_removed
  File "/opt/airflow/dags/air_quality_pipeline.py", line 21, in <module>
    from extract import extract_air_quality_data
ImportError: cannot import name 'extract_air_quality_data' from 'extract' (/opt/airflow/scripts/extract.py)
[2026-07-16T21:54:44.541+0000] {processor.py:841} WARNING - No viable dags retrieved from /opt/airflow/dags/air_quality_pipeline.py
[2026-07-16T21:54:44.579+0000] {processor.py:179} INFO - Processing /opt/airflow/dags/air_quality_pipeline.py took 0.056 seconds
[2026-07-16T21:55:14.730+0000] {processor.py:157} INFO - Started process (PID=216) to work on /opt/airflow/dags/air_quality_pipeline.py
[2026-07-16T21:55:14.733+0000] {processor.py:829} INFO - Processing file /opt/airflow/dags/air_quality_pipeline.py for tasks to queue
[2026-07-16T21:55:14.735+0000] {logging_mixin.py:151} INFO - [2026-07-16T21:55:14.734+0000] {dagbag.py:539} INFO - Filling up the DagBag from /opt/airflow/dags/air_quality_pipeline.py
[2026-07-16T21:55:14.741+0000] {logging_mixin.py:151} INFO - [2026-07-16T21:55:14.741+0000] {dagbag.py:347} ERROR - Failed to import: /opt/airflow/dags/air_quality_pipeline.py
Traceback (most recent call last):
  File "/home/airflow/.local/lib/python3.9/site-packages/airflow/models/dagbag.py", line 343, in parse
    loader.exec_module(new_module)
  File "<frozen importlib._bootstrap_external>", line 850, in exec_module
  File "<frozen importlib._bootstrap>", line 228, in _call_with_frames_removed
  File "/opt/airflow/dags/air_quality_pipeline.py", line 21, in <module>
    from extract import extract_air_quality_data
ImportError: cannot import name 'extract_air_quality_data' from 'extract' (/opt/airflow/scripts/extract.py)
[2026-07-16T21:55:14.742+0000] {processor.py:841} WARNING - No viable dags retrieved from /opt/airflow/dags/air_quality_pipeline.py
[2026-07-16T21:55:14.762+0000] {processor.py:179} INFO - Processing /opt/airflow/dags/air_quality_pipeline.py took 0.035 seconds
[2026-07-16T21:55:44.983+0000] {processor.py:157} INFO - Started process (PID=221) to work on /opt/airflow/dags/air_quality_pipeline.py
[2026-07-16T21:55:44.984+0000] {processor.py:829} INFO - Processing file /opt/airflow/dags/air_quality_pipeline.py for tasks to queue
[2026-07-16T21:55:44.988+0000] {logging_mixin.py:151} INFO - [2026-07-16T21:55:44.985+0000] {dagbag.py:539} INFO - Filling up the DagBag from /opt/airflow/dags/air_quality_pipeline.py
[2026-07-16T21:55:45.005+0000] {logging_mixin.py:151} INFO - [2026-07-16T21:55:45.004+0000] {dagbag.py:347} ERROR - Failed to import: /opt/airflow/dags/air_quality_pipeline.py
Traceback (most recent call last):
  File "/home/airflow/.local/lib/python3.9/site-packages/airflow/models/dagbag.py", line 343, in parse
    loader.exec_module(new_module)
  File "<frozen importlib._bootstrap_external>", line 850, in exec_module
  File "<frozen importlib._bootstrap>", line 228, in _call_with_frames_removed
  File "/opt/airflow/dags/air_quality_pipeline.py", line 21, in <module>
    from extract import extract_air_quality_data
ImportError: cannot import name 'extract_air_quality_data' from 'extract' (/opt/airflow/scripts/extract.py)
[2026-07-16T21:55:45.006+0000] {processor.py:841} WARNING - No viable dags retrieved from /opt/airflow/dags/air_quality_pipeline.py
[2026-07-16T21:55:45.059+0000] {processor.py:179} INFO - Processing /opt/airflow/dags/air_quality_pipeline.py took 0.083 seconds
[2026-07-16T21:56:14.112+0000] {processor.py:157} INFO - Started process (PID=226) to work on /opt/airflow/dags/air_quality_pipeline.py
[2026-07-16T21:56:14.113+0000] {processor.py:829} INFO - Processing file /opt/airflow/dags/air_quality_pipeline.py for tasks to queue
[2026-07-16T21:56:14.114+0000] {logging_mixin.py:151} INFO - [2026-07-16T21:56:14.114+0000] {dagbag.py:539} INFO - Filling up the DagBag from /opt/airflow/dags/air_quality_pipeline.py
[2026-07-16T21:56:14.119+0000] {logging_mixin.py:151} INFO - [2026-07-16T21:56:14.119+0000] {air_quality_pipeline.py:66} WARNING - ⚠️ Scripts non trouvés, utilisation des fonctions factices: cannot import name 'extract_air_quality_data' from 'extract' (/opt/airflow/scripts/extract.py)
[2026-07-16T21:56:14.155+0000] {logging_mixin.py:151} INFO - [2026-07-16T21:56:14.153+0000] {dagbag.py:347} ERROR - Failed to import: /opt/airflow/dags/air_quality_pipeline.py
Traceback (most recent call last):
  File "/home/airflow/.local/lib/python3.9/site-packages/airflow/models/dagbag.py", line 343, in parse
    loader.exec_module(new_module)
  File "<frozen importlib._bootstrap_external>", line 850, in exec_module
  File "<frozen importlib._bootstrap>", line 228, in _call_with_frames_removed
  File "/opt/airflow/dags/air_quality_pipeline.py", line 154, in <module>
    PythonOperator(
  File "/home/airflow/.local/lib/python3.9/site-packages/airflow/models/baseoperator.py", line 436, in apply_defaults
    result = func(self, **kwargs, default_args=default_args)
  File "/home/airflow/.local/lib/python3.9/site-packages/airflow/operators/python.py", line 177, in __init__
    super().__init__(**kwargs)
  File "/home/airflow/.local/lib/python3.9/site-packages/airflow/models/baseoperator.py", line 436, in apply_defaults
    result = func(self, **kwargs, default_args=default_args)
  File "/home/airflow/.local/lib/python3.9/site-packages/airflow/models/baseoperator.py", line 804, in __init__
    validate_key(task_id)
  File "/home/airflow/.local/lib/python3.9/site-packages/airflow/utils/helpers.py", line 57, in validate_key
    raise AirflowException(
airflow.exceptions.AirflowException: The key 'extract_[' has to be made of alphanumeric characters, dashes, dots and underscores exclusively
[2026-07-16T21:56:14.156+0000] {processor.py:841} WARNING - No viable dags retrieved from /opt/airflow/dags/air_quality_pipeline.py
[2026-07-16T21:56:14.163+0000] {processor.py:179} INFO - Processing /opt/airflow/dags/air_quality_pipeline.py took 0.054 seconds
[2026-07-16T21:56:21.163+0000] {processor.py:157} INFO - Started process (PID=231) to work on /opt/airflow/dags/air_quality_pipeline.py
[2026-07-16T21:56:21.164+0000] {processor.py:829} INFO - Processing file /opt/airflow/dags/air_quality_pipeline.py for tasks to queue
[2026-07-16T21:56:21.165+0000] {logging_mixin.py:151} INFO - [2026-07-16T21:56:21.165+0000] {dagbag.py:539} INFO - Filling up the DagBag from /opt/airflow/dags/air_quality_pipeline.py
[2026-07-16T21:56:21.167+0000] {logging_mixin.py:151} INFO - [2026-07-16T21:56:21.167+0000] {dagbag.py:324} INFO - File /opt/airflow/dags/air_quality_pipeline.py assumed to contain no DAGs. Skipping.
[2026-07-16T21:56:21.167+0000] {processor.py:841} WARNING - No viable dags retrieved from /opt/airflow/dags/air_quality_pipeline.py
[2026-07-16T21:56:21.193+0000] {processor.py:179} INFO - Processing /opt/airflow/dags/air_quality_pipeline.py took 0.035 seconds
[2026-07-16T22:01:03.214+0000] {processor.py:157} INFO - Started process (PID=177) to work on /opt/airflow/dags/air_quality_pipeline.py
[2026-07-16T22:01:03.215+0000] {processor.py:829} INFO - Processing file /opt/airflow/dags/air_quality_pipeline.py for tasks to queue
[2026-07-16T22:01:03.216+0000] {logging_mixin.py:151} INFO - [2026-07-16T22:01:03.216+0000] {dagbag.py:539} INFO - Filling up the DagBag from /opt/airflow/dags/air_quality_pipeline.py
[2026-07-16T22:01:03.220+0000] {logging_mixin.py:151} INFO - [2026-07-16T22:01:03.220+0000] {air_quality_pipeline.py:66} WARNING - ⚠️ Scripts non trouvés, utilisation des fonctions factices: cannot import name 'extract_air_quality_data' from 'extract' (/opt/airflow/scripts/extract.py)
[2026-07-16T22:01:03.244+0000] {logging_mixin.py:151} INFO - [2026-07-16T22:01:03.243+0000] {dagbag.py:347} ERROR - Failed to import: /opt/airflow/dags/air_quality_pipeline.py
Traceback (most recent call last):
  File "/home/airflow/.local/lib/python3.9/site-packages/airflow/models/dagbag.py", line 343, in parse
    loader.exec_module(new_module)
  File "<frozen importlib._bootstrap_external>", line 850, in exec_module
  File "<frozen importlib._bootstrap>", line 228, in _call_with_frames_removed
  File "/opt/airflow/dags/air_quality_pipeline.py", line 154, in <module>
    PythonOperator(
  File "/home/airflow/.local/lib/python3.9/site-packages/airflow/models/baseoperator.py", line 436, in apply_defaults
    result = func(self, **kwargs, default_args=default_args)
  File "/home/airflow/.local/lib/python3.9/site-packages/airflow/operators/python.py", line 177, in __init__
    super().__init__(**kwargs)
  File "/home/airflow/.local/lib/python3.9/site-packages/airflow/models/baseoperator.py", line 436, in apply_defaults
    result = func(self, **kwargs, default_args=default_args)
  File "/home/airflow/.local/lib/python3.9/site-packages/airflow/models/baseoperator.py", line 804, in __init__
    validate_key(task_id)
  File "/home/airflow/.local/lib/python3.9/site-packages/airflow/utils/helpers.py", line 57, in validate_key
    raise AirflowException(
airflow.exceptions.AirflowException: The key 'extract_[' has to be made of alphanumeric characters, dashes, dots and underscores exclusively
[2026-07-16T22:01:03.244+0000] {processor.py:841} WARNING - No viable dags retrieved from /opt/airflow/dags/air_quality_pipeline.py
[2026-07-16T22:01:03.254+0000] {processor.py:179} INFO - Processing /opt/airflow/dags/air_quality_pipeline.py took 0.042 seconds
[2026-07-16T22:01:04.253+0000] {processor.py:157} INFO - Started process (PID=182) to work on /opt/airflow/dags/air_quality_pipeline.py
[2026-07-16T22:01:04.254+0000] {processor.py:829} INFO - Processing file /opt/airflow/dags/air_quality_pipeline.py for tasks to queue
[2026-07-16T22:01:04.254+0000] {logging_mixin.py:151} INFO - [2026-07-16T22:01:04.254+0000] {dagbag.py:539} INFO - Filling up the DagBag from /opt/airflow/dags/air_quality_pipeline.py
[2026-07-16T22:01:04.259+0000] {logging_mixin.py:151} INFO - [2026-07-16T22:01:04.259+0000] {air_quality_pipeline.py:66} WARNING - ⚠️ Scripts non trouvés, utilisation des fonctions factices: cannot import name 'extract_air_quality_data' from 'extract' (/opt/airflow/scripts/extract.py)
[2026-07-16T22:01:04.286+0000] {logging_mixin.py:151} INFO - [2026-07-16T22:01:04.285+0000] {dagbag.py:347} ERROR - Failed to import: /opt/airflow/dags/air_quality_pipeline.py
Traceback (most recent call last):
  File "/home/airflow/.local/lib/python3.9/site-packages/airflow/models/dagbag.py", line 343, in parse
    loader.exec_module(new_module)
  File "<frozen importlib._bootstrap_external>", line 850, in exec_module
  File "<frozen importlib._bootstrap>", line 228, in _call_with_frames_removed
  File "/opt/airflow/dags/air_quality_pipeline.py", line 154, in <module>
    PythonOperator(
  File "/home/airflow/.local/lib/python3.9/site-packages/airflow/models/baseoperator.py", line 436, in apply_defaults
    result = func(self, **kwargs, default_args=default_args)
  File "/home/airflow/.local/lib/python3.9/site-packages/airflow/operators/python.py", line 177, in __init__
    super().__init__(**kwargs)
  File "/home/airflow/.local/lib/python3.9/site-packages/airflow/models/baseoperator.py", line 436, in apply_defaults
    result = func(self, **kwargs, default_args=default_args)
  File "/home/airflow/.local/lib/python3.9/site-packages/airflow/models/baseoperator.py", line 804, in __init__
    validate_key(task_id)
  File "/home/airflow/.local/lib/python3.9/site-packages/airflow/utils/helpers.py", line 57, in validate_key
    raise AirflowException(
airflow.exceptions.AirflowException: The key 'extract_[' has to be made of alphanumeric characters, dashes, dots and underscores exclusively
[2026-07-16T22:01:04.287+0000] {processor.py:841} WARNING - No viable dags retrieved from /opt/airflow/dags/air_quality_pipeline.py
[2026-07-16T22:01:04.298+0000] {processor.py:179} INFO - Processing /opt/airflow/dags/air_quality_pipeline.py took 0.048 seconds
[2026-07-16T22:01:34.459+0000] {processor.py:157} INFO - Started process (PID=187) to work on /opt/airflow/dags/air_quality_pipeline.py
[2026-07-16T22:01:34.462+0000] {processor.py:829} INFO - Processing file /opt/airflow/dags/air_quality_pipeline.py for tasks to queue
[2026-07-16T22:01:34.463+0000] {logging_mixin.py:151} INFO - [2026-07-16T22:01:34.463+0000] {dagbag.py:539} INFO - Filling up the DagBag from /opt/airflow/dags/air_quality_pipeline.py
[2026-07-16T22:01:34.471+0000] {logging_mixin.py:151} INFO - [2026-07-16T22:01:34.471+0000] {air_quality_pipeline.py:66} WARNING - ⚠️ Scripts non trouvés, utilisation des fonctions factices: cannot import name 'extract_air_quality_data' from 'extract' (/opt/airflow/scripts/extract.py)
[2026-07-16T22:01:34.504+0000] {logging_mixin.py:151} INFO - [2026-07-16T22:01:34.503+0000] {dagbag.py:347} ERROR - Failed to import: /opt/airflow/dags/air_quality_pipeline.py
Traceback (most recent call last):
  File "/home/airflow/.local/lib/python3.9/site-packages/airflow/models/dagbag.py", line 343, in parse
    loader.exec_module(new_module)
  File "<frozen importlib._bootstrap_external>", line 850, in exec_module
  File "<frozen importlib._bootstrap>", line 228, in _call_with_frames_removed
  File "/opt/airflow/dags/air_quality_pipeline.py", line 154, in <module>
    PythonOperator(
  File "/home/airflow/.local/lib/python3.9/site-packages/airflow/models/baseoperator.py", line 436, in apply_defaults
    result = func(self, **kwargs, default_args=default_args)
  File "/home/airflow/.local/lib/python3.9/site-packages/airflow/operators/python.py", line 177, in __init__
    super().__init__(**kwargs)
  File "/home/airflow/.local/lib/python3.9/site-packages/airflow/models/baseoperator.py", line 436, in apply_defaults
    result = func(self, **kwargs, default_args=default_args)
  File "/home/airflow/.local/lib/python3.9/site-packages/airflow/models/baseoperator.py", line 804, in __init__
    validate_key(task_id)
  File "/home/airflow/.local/lib/python3.9/site-packages/airflow/utils/helpers.py", line 57, in validate_key
    raise AirflowException(
airflow.exceptions.AirflowException: The key 'extract_[' has to be made of alphanumeric characters, dashes, dots and underscores exclusively
[2026-07-16T22:01:34.504+0000] {processor.py:841} WARNING - No viable dags retrieved from /opt/airflow/dags/air_quality_pipeline.py
[2026-07-16T22:01:34.511+0000] {processor.py:179} INFO - Processing /opt/airflow/dags/air_quality_pipeline.py took 0.057 seconds
[2026-07-16T22:01:53.045+0000] {processor.py:157} INFO - Started process (PID=177) to work on /opt/airflow/dags/air_quality_pipeline.py
[2026-07-16T22:01:53.047+0000] {processor.py:829} INFO - Processing file /opt/airflow/dags/air_quality_pipeline.py for tasks to queue
[2026-07-16T22:01:53.047+0000] {logging_mixin.py:151} INFO - [2026-07-16T22:01:53.047+0000] {dagbag.py:539} INFO - Filling up the DagBag from /opt/airflow/dags/air_quality_pipeline.py
[2026-07-16T22:01:53.051+0000] {logging_mixin.py:151} INFO - [2026-07-16T22:01:53.051+0000] {air_quality_pipeline.py:66} WARNING - ⚠️ Scripts non trouvés, utilisation des fonctions factices: cannot import name 'extract_air_quality_data' from 'extract' (/opt/airflow/scripts/extract.py)
[2026-07-16T22:01:53.076+0000] {logging_mixin.py:151} INFO - [2026-07-16T22:01:53.074+0000] {dagbag.py:347} ERROR - Failed to import: /opt/airflow/dags/air_quality_pipeline.py
Traceback (most recent call last):
  File "/home/airflow/.local/lib/python3.9/site-packages/airflow/models/dagbag.py", line 343, in parse
    loader.exec_module(new_module)
  File "<frozen importlib._bootstrap_external>", line 850, in exec_module
  File "<frozen importlib._bootstrap>", line 228, in _call_with_frames_removed
  File "/opt/airflow/dags/air_quality_pipeline.py", line 154, in <module>
    PythonOperator(
  File "/home/airflow/.local/lib/python3.9/site-packages/airflow/models/baseoperator.py", line 436, in apply_defaults
    result = func(self, **kwargs, default_args=default_args)
  File "/home/airflow/.local/lib/python3.9/site-packages/airflow/operators/python.py", line 177, in __init__
    super().__init__(**kwargs)
  File "/home/airflow/.local/lib/python3.9/site-packages/airflow/models/baseoperator.py", line 436, in apply_defaults
    result = func(self, **kwargs, default_args=default_args)
  File "/home/airflow/.local/lib/python3.9/site-packages/airflow/models/baseoperator.py", line 804, in __init__
    validate_key(task_id)
  File "/home/airflow/.local/lib/python3.9/site-packages/airflow/utils/helpers.py", line 57, in validate_key
    raise AirflowException(
airflow.exceptions.AirflowException: The key 'extract_[' has to be made of alphanumeric characters, dashes, dots and underscores exclusively
[2026-07-16T22:01:53.076+0000] {processor.py:841} WARNING - No viable dags retrieved from /opt/airflow/dags/air_quality_pipeline.py
[2026-07-16T22:01:53.084+0000] {processor.py:179} INFO - Processing /opt/airflow/dags/air_quality_pipeline.py took 0.041 seconds
[2026-07-16T22:02:23.229+0000] {processor.py:157} INFO - Started process (PID=182) to work on /opt/airflow/dags/air_quality_pipeline.py
[2026-07-16T22:02:23.231+0000] {processor.py:829} INFO - Processing file /opt/airflow/dags/air_quality_pipeline.py for tasks to queue
[2026-07-16T22:02:23.231+0000] {logging_mixin.py:151} INFO - [2026-07-16T22:02:23.231+0000] {dagbag.py:539} INFO - Filling up the DagBag from /opt/airflow/dags/air_quality_pipeline.py
[2026-07-16T22:02:23.235+0000] {logging_mixin.py:151} INFO - [2026-07-16T22:02:23.235+0000] {air_quality_pipeline.py:66} WARNING - ⚠️ Scripts non trouvés, utilisation des fonctions factices: cannot import name 'extract_air_quality_data' from 'extract' (/opt/airflow/scripts/extract.py)
[2026-07-16T22:02:23.258+0000] {logging_mixin.py:151} INFO - [2026-07-16T22:02:23.257+0000] {dagbag.py:347} ERROR - Failed to import: /opt/airflow/dags/air_quality_pipeline.py
Traceback (most recent call last):
  File "/home/airflow/.local/lib/python3.9/site-packages/airflow/models/dagbag.py", line 343, in parse
    loader.exec_module(new_module)
  File "<frozen importlib._bootstrap_external>", line 850, in exec_module
  File "<frozen importlib._bootstrap>", line 228, in _call_with_frames_removed
  File "/opt/airflow/dags/air_quality_pipeline.py", line 154, in <module>
    PythonOperator(
  File "/home/airflow/.local/lib/python3.9/site-packages/airflow/models/baseoperator.py", line 436, in apply_defaults
    result = func(self, **kwargs, default_args=default_args)
  File "/home/airflow/.local/lib/python3.9/site-packages/airflow/operators/python.py", line 177, in __init__
    super().__init__(**kwargs)
  File "/home/airflow/.local/lib/python3.9/site-packages/airflow/models/baseoperator.py", line 436, in apply_defaults
    result = func(self, **kwargs, default_args=default_args)
  File "/home/airflow/.local/lib/python3.9/site-packages/airflow/models/baseoperator.py", line 804, in __init__
    validate_key(task_id)
  File "/home/airflow/.local/lib/python3.9/site-packages/airflow/utils/helpers.py", line 57, in validate_key
    raise AirflowException(
airflow.exceptions.AirflowException: The key 'extract_[' has to be made of alphanumeric characters, dashes, dots and underscores exclusively
[2026-07-16T22:02:23.258+0000] {processor.py:841} WARNING - No viable dags retrieved from /opt/airflow/dags/air_quality_pipeline.py
[2026-07-16T22:02:23.265+0000] {processor.py:179} INFO - Processing /opt/airflow/dags/air_quality_pipeline.py took 0.039 seconds
[2026-07-16T22:02:53.416+0000] {processor.py:157} INFO - Started process (PID=187) to work on /opt/airflow/dags/air_quality_pipeline.py
[2026-07-16T22:02:53.418+0000] {processor.py:829} INFO - Processing file /opt/airflow/dags/air_quality_pipeline.py for tasks to queue
[2026-07-16T22:02:53.419+0000] {logging_mixin.py:151} INFO - [2026-07-16T22:02:53.419+0000] {dagbag.py:539} INFO - Filling up the DagBag from /opt/airflow/dags/air_quality_pipeline.py
[2026-07-16T22:02:53.423+0000] {logging_mixin.py:151} INFO - [2026-07-16T22:02:53.423+0000] {air_quality_pipeline.py:66} WARNING - ⚠️ Scripts non trouvés, utilisation des fonctions factices: cannot import name 'extract_air_quality_data' from 'extract' (/opt/airflow/scripts/extract.py)
[2026-07-16T22:02:53.455+0000] {logging_mixin.py:151} INFO - [2026-07-16T22:02:53.453+0000] {dagbag.py:347} ERROR - Failed to import: /opt/airflow/dags/air_quality_pipeline.py
Traceback (most recent call last):
  File "/home/airflow/.local/lib/python3.9/site-packages/airflow/models/dagbag.py", line 343, in parse
    loader.exec_module(new_module)
  File "<frozen importlib._bootstrap_external>", line 850, in exec_module
  File "<frozen importlib._bootstrap>", line 228, in _call_with_frames_removed
  File "/opt/airflow/dags/air_quality_pipeline.py", line 154, in <module>
    PythonOperator(
  File "/home/airflow/.local/lib/python3.9/site-packages/airflow/models/baseoperator.py", line 436, in apply_defaults
    result = func(self, **kwargs, default_args=default_args)
  File "/home/airflow/.local/lib/python3.9/site-packages/airflow/operators/python.py", line 177, in __init__
    super().__init__(**kwargs)
  File "/home/airflow/.local/lib/python3.9/site-packages/airflow/models/baseoperator.py", line 436, in apply_defaults
    result = func(self, **kwargs, default_args=default_args)
  File "/home/airflow/.local/lib/python3.9/site-packages/airflow/models/baseoperator.py", line 804, in __init__
    validate_key(task_id)
  File "/home/airflow/.local/lib/python3.9/site-packages/airflow/utils/helpers.py", line 57, in validate_key
    raise AirflowException(
airflow.exceptions.AirflowException: The key 'extract_[' has to be made of alphanumeric characters, dashes, dots and underscores exclusively
[2026-07-16T22:02:53.455+0000] {processor.py:841} WARNING - No viable dags retrieved from /opt/airflow/dags/air_quality_pipeline.py
[2026-07-16T22:02:53.463+0000] {processor.py:179} INFO - Processing /opt/airflow/dags/air_quality_pipeline.py took 0.050 seconds
[2026-07-16T22:03:23.588+0000] {processor.py:157} INFO - Started process (PID=192) to work on /opt/airflow/dags/air_quality_pipeline.py
[2026-07-16T22:03:23.589+0000] {processor.py:829} INFO - Processing file /opt/airflow/dags/air_quality_pipeline.py for tasks to queue
[2026-07-16T22:03:23.590+0000] {logging_mixin.py:151} INFO - [2026-07-16T22:03:23.589+0000] {dagbag.py:539} INFO - Filling up the DagBag from /opt/airflow/dags/air_quality_pipeline.py
[2026-07-16T22:03:23.595+0000] {logging_mixin.py:151} INFO - [2026-07-16T22:03:23.595+0000] {air_quality_pipeline.py:66} WARNING - ⚠️ Scripts non trouvés, utilisation des fonctions factices: cannot import name 'extract_air_quality_data' from 'extract' (/opt/airflow/scripts/extract.py)
[2026-07-16T22:03:23.626+0000] {logging_mixin.py:151} INFO - [2026-07-16T22:03:23.624+0000] {dagbag.py:347} ERROR - Failed to import: /opt/airflow/dags/air_quality_pipeline.py
Traceback (most recent call last):
  File "/home/airflow/.local/lib/python3.9/site-packages/airflow/models/dagbag.py", line 343, in parse
    loader.exec_module(new_module)
  File "<frozen importlib._bootstrap_external>", line 850, in exec_module
  File "<frozen importlib._bootstrap>", line 228, in _call_with_frames_removed
  File "/opt/airflow/dags/air_quality_pipeline.py", line 154, in <module>
    PythonOperator(
  File "/home/airflow/.local/lib/python3.9/site-packages/airflow/models/baseoperator.py", line 436, in apply_defaults
    result = func(self, **kwargs, default_args=default_args)
  File "/home/airflow/.local/lib/python3.9/site-packages/airflow/operators/python.py", line 177, in __init__
    super().__init__(**kwargs)
  File "/home/airflow/.local/lib/python3.9/site-packages/airflow/models/baseoperator.py", line 436, in apply_defaults
    result = func(self, **kwargs, default_args=default_args)
  File "/home/airflow/.local/lib/python3.9/site-packages/airflow/models/baseoperator.py", line 804, in __init__
    validate_key(task_id)
  File "/home/airflow/.local/lib/python3.9/site-packages/airflow/utils/helpers.py", line 57, in validate_key
    raise AirflowException(
airflow.exceptions.AirflowException: The key 'extract_[' has to be made of alphanumeric characters, dashes, dots and underscores exclusively
[2026-07-16T22:03:23.626+0000] {processor.py:841} WARNING - No viable dags retrieved from /opt/airflow/dags/air_quality_pipeline.py
[2026-07-16T22:03:23.633+0000] {processor.py:179} INFO - Processing /opt/airflow/dags/air_quality_pipeline.py took 0.048 seconds
[2026-07-16T22:03:53.804+0000] {processor.py:157} INFO - Started process (PID=197) to work on /opt/airflow/dags/air_quality_pipeline.py
[2026-07-16T22:03:53.806+0000] {processor.py:829} INFO - Processing file /opt/airflow/dags/air_quality_pipeline.py for tasks to queue
[2026-07-16T22:03:53.807+0000] {logging_mixin.py:151} INFO - [2026-07-16T22:03:53.807+0000] {dagbag.py:539} INFO - Filling up the DagBag from /opt/airflow/dags/air_quality_pipeline.py
[2026-07-16T22:03:53.811+0000] {logging_mixin.py:151} INFO - [2026-07-16T22:03:53.811+0000] {air_quality_pipeline.py:66} WARNING - ⚠️ Scripts non trouvés, utilisation des fonctions factices: cannot import name 'extract_air_quality_data' from 'extract' (/opt/airflow/scripts/extract.py)
[2026-07-16T22:03:53.845+0000] {logging_mixin.py:151} INFO - [2026-07-16T22:03:53.844+0000] {dagbag.py:347} ERROR - Failed to import: /opt/airflow/dags/air_quality_pipeline.py
Traceback (most recent call last):
  File "/home/airflow/.local/lib/python3.9/site-packages/airflow/models/dagbag.py", line 343, in parse
    loader.exec_module(new_module)
  File "<frozen importlib._bootstrap_external>", line 850, in exec_module
  File "<frozen importlib._bootstrap>", line 228, in _call_with_frames_removed
  File "/opt/airflow/dags/air_quality_pipeline.py", line 154, in <module>
    PythonOperator(
  File "/home/airflow/.local/lib/python3.9/site-packages/airflow/models/baseoperator.py", line 436, in apply_defaults
    result = func(self, **kwargs, default_args=default_args)
  File "/home/airflow/.local/lib/python3.9/site-packages/airflow/operators/python.py", line 177, in __init__
    super().__init__(**kwargs)
  File "/home/airflow/.local/lib/python3.9/site-packages/airflow/models/baseoperator.py", line 436, in apply_defaults
    result = func(self, **kwargs, default_args=default_args)
  File "/home/airflow/.local/lib/python3.9/site-packages/airflow/models/baseoperator.py", line 804, in __init__
    validate_key(task_id)
  File "/home/airflow/.local/lib/python3.9/site-packages/airflow/utils/helpers.py", line 57, in validate_key
    raise AirflowException(
airflow.exceptions.AirflowException: The key 'extract_[' has to be made of alphanumeric characters, dashes, dots and underscores exclusively
[2026-07-16T22:03:53.845+0000] {processor.py:841} WARNING - No viable dags retrieved from /opt/airflow/dags/air_quality_pipeline.py
[2026-07-16T22:03:53.854+0000] {processor.py:179} INFO - Processing /opt/airflow/dags/air_quality_pipeline.py took 0.053 seconds
[2026-07-16T22:04:24.003+0000] {processor.py:157} INFO - Started process (PID=202) to work on /opt/airflow/dags/air_quality_pipeline.py
[2026-07-16T22:04:24.005+0000] {processor.py:829} INFO - Processing file /opt/airflow/dags/air_quality_pipeline.py for tasks to queue
[2026-07-16T22:04:24.006+0000] {logging_mixin.py:151} INFO - [2026-07-16T22:04:24.006+0000] {dagbag.py:539} INFO - Filling up the DagBag from /opt/airflow/dags/air_quality_pipeline.py
[2026-07-16T22:04:24.010+0000] {logging_mixin.py:151} INFO - [2026-07-16T22:04:24.010+0000] {air_quality_pipeline.py:66} WARNING - ⚠️ Scripts non trouvés, utilisation des fonctions factices: cannot import name 'extract_air_quality_data' from 'extract' (/opt/airflow/scripts/extract.py)
[2026-07-16T22:04:24.044+0000] {logging_mixin.py:151} INFO - [2026-07-16T22:04:24.043+0000] {dagbag.py:347} ERROR - Failed to import: /opt/airflow/dags/air_quality_pipeline.py
Traceback (most recent call last):
  File "/home/airflow/.local/lib/python3.9/site-packages/airflow/models/dagbag.py", line 343, in parse
    loader.exec_module(new_module)
  File "<frozen importlib._bootstrap_external>", line 850, in exec_module
  File "<frozen importlib._bootstrap>", line 228, in _call_with_frames_removed
  File "/opt/airflow/dags/air_quality_pipeline.py", line 154, in <module>
    PythonOperator(
  File "/home/airflow/.local/lib/python3.9/site-packages/airflow/models/baseoperator.py", line 436, in apply_defaults
    result = func(self, **kwargs, default_args=default_args)
  File "/home/airflow/.local/lib/python3.9/site-packages/airflow/operators/python.py", line 177, in __init__
    super().__init__(**kwargs)
  File "/home/airflow/.local/lib/python3.9/site-packages/airflow/models/baseoperator.py", line 436, in apply_defaults
    result = func(self, **kwargs, default_args=default_args)
  File "/home/airflow/.local/lib/python3.9/site-packages/airflow/models/baseoperator.py", line 804, in __init__
    validate_key(task_id)
  File "/home/airflow/.local/lib/python3.9/site-packages/airflow/utils/helpers.py", line 57, in validate_key
    raise AirflowException(
airflow.exceptions.AirflowException: The key 'extract_[' has to be made of alphanumeric characters, dashes, dots and underscores exclusively
[2026-07-16T22:04:24.044+0000] {processor.py:841} WARNING - No viable dags retrieved from /opt/airflow/dags/air_quality_pipeline.py
[2026-07-16T22:04:24.053+0000] {processor.py:179} INFO - Processing /opt/airflow/dags/air_quality_pipeline.py took 0.054 seconds
[2026-07-16T22:04:54.238+0000] {processor.py:157} INFO - Started process (PID=207) to work on /opt/airflow/dags/air_quality_pipeline.py
[2026-07-16T22:04:54.241+0000] {processor.py:829} INFO - Processing file /opt/airflow/dags/air_quality_pipeline.py for tasks to queue
[2026-07-16T22:04:54.242+0000] {logging_mixin.py:151} INFO - [2026-07-16T22:04:54.242+0000] {dagbag.py:539} INFO - Filling up the DagBag from /opt/airflow/dags/air_quality_pipeline.py
[2026-07-16T22:04:54.249+0000] {logging_mixin.py:151} INFO - [2026-07-16T22:04:54.249+0000] {air_quality_pipeline.py:66} WARNING - ⚠️ Scripts non trouvés, utilisation des fonctions factices: cannot import name 'extract_air_quality_data' from 'extract' (/opt/airflow/scripts/extract.py)
[2026-07-16T22:04:54.294+0000] {logging_mixin.py:151} INFO - [2026-07-16T22:04:54.289+0000] {dagbag.py:347} ERROR - Failed to import: /opt/airflow/dags/air_quality_pipeline.py
Traceback (most recent call last):
  File "/home/airflow/.local/lib/python3.9/site-packages/airflow/models/dagbag.py", line 343, in parse
    loader.exec_module(new_module)
  File "<frozen importlib._bootstrap_external>", line 850, in exec_module
  File "<frozen importlib._bootstrap>", line 228, in _call_with_frames_removed
  File "/opt/airflow/dags/air_quality_pipeline.py", line 154, in <module>
    PythonOperator(
  File "/home/airflow/.local/lib/python3.9/site-packages/airflow/models/baseoperator.py", line 436, in apply_defaults
    result = func(self, **kwargs, default_args=default_args)
  File "/home/airflow/.local/lib/python3.9/site-packages/airflow/operators/python.py", line 177, in __init__
    super().__init__(**kwargs)
  File "/home/airflow/.local/lib/python3.9/site-packages/airflow/models/baseoperator.py", line 436, in apply_defaults
    result = func(self, **kwargs, default_args=default_args)
  File "/home/airflow/.local/lib/python3.9/site-packages/airflow/models/baseoperator.py", line 804, in __init__
    validate_key(task_id)
  File "/home/airflow/.local/lib/python3.9/site-packages/airflow/utils/helpers.py", line 57, in validate_key
    raise AirflowException(
airflow.exceptions.AirflowException: The key 'extract_[' has to be made of alphanumeric characters, dashes, dots and underscores exclusively
[2026-07-16T22:04:54.295+0000] {processor.py:841} WARNING - No viable dags retrieved from /opt/airflow/dags/air_quality_pipeline.py
[2026-07-16T22:04:54.304+0000] {processor.py:179} INFO - Processing /opt/airflow/dags/air_quality_pipeline.py took 0.071 seconds
[2026-07-16T22:05:23.405+0000] {processor.py:157} INFO - Started process (PID=212) to work on /opt/airflow/dags/air_quality_pipeline.py
[2026-07-16T22:05:23.406+0000] {processor.py:829} INFO - Processing file /opt/airflow/dags/air_quality_pipeline.py for tasks to queue
[2026-07-16T22:05:23.407+0000] {logging_mixin.py:151} INFO - [2026-07-16T22:05:23.406+0000] {dagbag.py:539} INFO - Filling up the DagBag from /opt/airflow/dags/air_quality_pipeline.py
[2026-07-16T22:05:23.411+0000] {logging_mixin.py:151} INFO - [2026-07-16T22:05:23.411+0000] {air_quality_pipeline.py:26} WARNING - Scripts non trouves: cannot import name 'extract_air_quality_data' from 'extract' (/opt/airflow/scripts/extract.py)
[2026-07-16T22:05:23.437+0000] {logging_mixin.py:151} INFO - [2026-07-16T22:05:23.436+0000] {dagbag.py:347} ERROR - Failed to import: /opt/airflow/dags/air_quality_pipeline.py
Traceback (most recent call last):
  File "/home/airflow/.local/lib/python3.9/site-packages/airflow/models/dagbag.py", line 343, in parse
    loader.exec_module(new_module)
  File "<frozen importlib._bootstrap_external>", line 850, in exec_module
  File "<frozen importlib._bootstrap>", line 228, in _call_with_frames_removed
  File "/opt/airflow/dags/air_quality_pipeline.py", line 79, in <module>
    task = PythonOperator(
  File "/home/airflow/.local/lib/python3.9/site-packages/airflow/models/baseoperator.py", line 436, in apply_defaults
    result = func(self, **kwargs, default_args=default_args)
  File "/home/airflow/.local/lib/python3.9/site-packages/airflow/operators/python.py", line 177, in __init__
    super().__init__(**kwargs)
  File "/home/airflow/.local/lib/python3.9/site-packages/airflow/models/baseoperator.py", line 436, in apply_defaults
    result = func(self, **kwargs, default_args=default_args)
  File "/home/airflow/.local/lib/python3.9/site-packages/airflow/models/baseoperator.py", line 804, in __init__
    validate_key(task_id)
  File "/home/airflow/.local/lib/python3.9/site-packages/airflow/utils/helpers.py", line 57, in validate_key
    raise AirflowException(
airflow.exceptions.AirflowException: The key 'extract_[' has to be made of alphanumeric characters, dashes, dots and underscores exclusively
[2026-07-16T22:05:23.437+0000] {processor.py:841} WARNING - No viable dags retrieved from /opt/airflow/dags/air_quality_pipeline.py
[2026-07-16T22:05:23.449+0000] {processor.py:179} INFO - Processing /opt/airflow/dags/air_quality_pipeline.py took 0.047 seconds
[2026-07-16T22:05:45.600+0000] {processor.py:157} INFO - Started process (PID=176) to work on /opt/airflow/dags/air_quality_pipeline.py
[2026-07-16T22:05:45.602+0000] {processor.py:829} INFO - Processing file /opt/airflow/dags/air_quality_pipeline.py for tasks to queue
[2026-07-16T22:05:45.603+0000] {logging_mixin.py:151} INFO - [2026-07-16T22:05:45.602+0000] {dagbag.py:539} INFO - Filling up the DagBag from /opt/airflow/dags/air_quality_pipeline.py
[2026-07-16T22:05:45.606+0000] {logging_mixin.py:151} INFO - [2026-07-16T22:05:45.606+0000] {air_quality_pipeline.py:26} WARNING - Scripts non trouves: cannot import name 'extract_air_quality_data' from 'extract' (/opt/airflow/scripts/extract.py)
[2026-07-16T22:05:45.626+0000] {logging_mixin.py:151} INFO - [2026-07-16T22:05:45.624+0000] {dagbag.py:347} ERROR - Failed to import: /opt/airflow/dags/air_quality_pipeline.py
Traceback (most recent call last):
  File "/home/airflow/.local/lib/python3.9/site-packages/airflow/models/dagbag.py", line 343, in parse
    loader.exec_module(new_module)
  File "<frozen importlib._bootstrap_external>", line 850, in exec_module
  File "<frozen importlib._bootstrap>", line 228, in _call_with_frames_removed
  File "/opt/airflow/dags/air_quality_pipeline.py", line 79, in <module>
    task = PythonOperator(
  File "/home/airflow/.local/lib/python3.9/site-packages/airflow/models/baseoperator.py", line 436, in apply_defaults
    result = func(self, **kwargs, default_args=default_args)
  File "/home/airflow/.local/lib/python3.9/site-packages/airflow/operators/python.py", line 177, in __init__
    super().__init__(**kwargs)
  File "/home/airflow/.local/lib/python3.9/site-packages/airflow/models/baseoperator.py", line 436, in apply_defaults
    result = func(self, **kwargs, default_args=default_args)
  File "/home/airflow/.local/lib/python3.9/site-packages/airflow/models/baseoperator.py", line 804, in __init__
    validate_key(task_id)
  File "/home/airflow/.local/lib/python3.9/site-packages/airflow/utils/helpers.py", line 57, in validate_key
    raise AirflowException(
airflow.exceptions.AirflowException: The key 'extract_[' has to be made of alphanumeric characters, dashes, dots and underscores exclusively
[2026-07-16T22:05:45.626+0000] {processor.py:841} WARNING - No viable dags retrieved from /opt/airflow/dags/air_quality_pipeline.py
[2026-07-16T22:05:45.634+0000] {processor.py:179} INFO - Processing /opt/airflow/dags/air_quality_pipeline.py took 0.036 seconds
[2026-07-16T22:06:07.094+0000] {processor.py:157} INFO - Started process (PID=176) to work on /opt/airflow/dags/air_quality_pipeline.py
[2026-07-16T22:06:07.095+0000] {processor.py:829} INFO - Processing file /opt/airflow/dags/air_quality_pipeline.py for tasks to queue
[2026-07-16T22:06:07.096+0000] {logging_mixin.py:151} INFO - [2026-07-16T22:06:07.095+0000] {dagbag.py:539} INFO - Filling up the DagBag from /opt/airflow/dags/air_quality_pipeline.py
[2026-07-16T22:06:07.099+0000] {logging_mixin.py:151} INFO - [2026-07-16T22:06:07.099+0000] {air_quality_pipeline.py:26} WARNING - Scripts non trouves: cannot import name 'extract_air_quality_data' from 'extract' (/opt/airflow/scripts/extract.py)
[2026-07-16T22:06:07.120+0000] {logging_mixin.py:151} INFO - [2026-07-16T22:06:07.119+0000] {dagbag.py:347} ERROR - Failed to import: /opt/airflow/dags/air_quality_pipeline.py
Traceback (most recent call last):
  File "/home/airflow/.local/lib/python3.9/site-packages/airflow/models/dagbag.py", line 343, in parse
    loader.exec_module(new_module)
  File "<frozen importlib._bootstrap_external>", line 850, in exec_module
  File "<frozen importlib._bootstrap>", line 228, in _call_with_frames_removed
  File "/opt/airflow/dags/air_quality_pipeline.py", line 79, in <module>
    task = PythonOperator(
  File "/home/airflow/.local/lib/python3.9/site-packages/airflow/models/baseoperator.py", line 436, in apply_defaults
    result = func(self, **kwargs, default_args=default_args)
  File "/home/airflow/.local/lib/python3.9/site-packages/airflow/operators/python.py", line 177, in __init__
    super().__init__(**kwargs)
  File "/home/airflow/.local/lib/python3.9/site-packages/airflow/models/baseoperator.py", line 436, in apply_defaults
    result = func(self, **kwargs, default_args=default_args)
  File "/home/airflow/.local/lib/python3.9/site-packages/airflow/models/baseoperator.py", line 804, in __init__
    validate_key(task_id)
  File "/home/airflow/.local/lib/python3.9/site-packages/airflow/utils/helpers.py", line 57, in validate_key
    raise AirflowException(
airflow.exceptions.AirflowException: The key 'extract_[' has to be made of alphanumeric characters, dashes, dots and underscores exclusively
[2026-07-16T22:06:07.121+0000] {processor.py:841} WARNING - No viable dags retrieved from /opt/airflow/dags/air_quality_pipeline.py
[2026-07-16T22:06:07.129+0000] {processor.py:179} INFO - Processing /opt/airflow/dags/air_quality_pipeline.py took 0.038 seconds
[2026-07-16T22:06:37.284+0000] {processor.py:157} INFO - Started process (PID=182) to work on /opt/airflow/dags/air_quality_pipeline.py
[2026-07-16T22:06:37.286+0000] {processor.py:829} INFO - Processing file /opt/airflow/dags/air_quality_pipeline.py for tasks to queue
[2026-07-16T22:06:37.287+0000] {logging_mixin.py:151} INFO - [2026-07-16T22:06:37.286+0000] {dagbag.py:539} INFO - Filling up the DagBag from /opt/airflow/dags/air_quality_pipeline.py
[2026-07-16T22:06:37.289+0000] {logging_mixin.py:151} INFO - [2026-07-16T22:06:37.289+0000] {air_quality_pipeline.py:26} WARNING - Scripts non trouves: cannot import name 'extract_air_quality_data' from 'extract' (/opt/airflow/scripts/extract.py)
[2026-07-16T22:06:37.321+0000] {logging_mixin.py:151} INFO - [2026-07-16T22:06:37.319+0000] {dagbag.py:347} ERROR - Failed to import: /opt/airflow/dags/air_quality_pipeline.py
Traceback (most recent call last):
  File "/home/airflow/.local/lib/python3.9/site-packages/airflow/models/dagbag.py", line 343, in parse
    loader.exec_module(new_module)
  File "<frozen importlib._bootstrap_external>", line 850, in exec_module
  File "<frozen importlib._bootstrap>", line 228, in _call_with_frames_removed
  File "/opt/airflow/dags/air_quality_pipeline.py", line 79, in <module>
    task = PythonOperator(
  File "/home/airflow/.local/lib/python3.9/site-packages/airflow/models/baseoperator.py", line 436, in apply_defaults
    result = func(self, **kwargs, default_args=default_args)
  File "/home/airflow/.local/lib/python3.9/site-packages/airflow/operators/python.py", line 177, in __init__
    super().__init__(**kwargs)
  File "/home/airflow/.local/lib/python3.9/site-packages/airflow/models/baseoperator.py", line 436, in apply_defaults
    result = func(self, **kwargs, default_args=default_args)
  File "/home/airflow/.local/lib/python3.9/site-packages/airflow/models/baseoperator.py", line 804, in __init__
    validate_key(task_id)
  File "/home/airflow/.local/lib/python3.9/site-packages/airflow/utils/helpers.py", line 57, in validate_key
    raise AirflowException(
airflow.exceptions.AirflowException: The key 'extract_[' has to be made of alphanumeric characters, dashes, dots and underscores exclusively
[2026-07-16T22:06:37.322+0000] {processor.py:841} WARNING - No viable dags retrieved from /opt/airflow/dags/air_quality_pipeline.py
[2026-07-16T22:06:37.333+0000] {processor.py:179} INFO - Processing /opt/airflow/dags/air_quality_pipeline.py took 0.051 seconds
[2026-07-16T22:07:07.442+0000] {processor.py:157} INFO - Started process (PID=187) to work on /opt/airflow/dags/air_quality_pipeline.py
[2026-07-16T22:07:07.442+0000] {processor.py:829} INFO - Processing file /opt/airflow/dags/air_quality_pipeline.py for tasks to queue
[2026-07-16T22:07:07.443+0000] {logging_mixin.py:151} INFO - [2026-07-16T22:07:07.443+0000] {dagbag.py:539} INFO - Filling up the DagBag from /opt/airflow/dags/air_quality_pipeline.py
[2026-07-16T22:07:07.447+0000] {logging_mixin.py:151} INFO - [2026-07-16T22:07:07.447+0000] {air_quality_pipeline.py:26} WARNING - Scripts non trouves: cannot import name 'extract_air_quality_data' from 'extract' (/opt/airflow/scripts/extract.py)
[2026-07-16T22:07:07.473+0000] {logging_mixin.py:151} INFO - [2026-07-16T22:07:07.472+0000] {dagbag.py:347} ERROR - Failed to import: /opt/airflow/dags/air_quality_pipeline.py
Traceback (most recent call last):
  File "/home/airflow/.local/lib/python3.9/site-packages/airflow/models/dagbag.py", line 343, in parse
    loader.exec_module(new_module)
  File "<frozen importlib._bootstrap_external>", line 850, in exec_module
  File "<frozen importlib._bootstrap>", line 228, in _call_with_frames_removed
  File "/opt/airflow/dags/air_quality_pipeline.py", line 79, in <module>
    task = PythonOperator(
  File "/home/airflow/.local/lib/python3.9/site-packages/airflow/models/baseoperator.py", line 436, in apply_defaults
    result = func(self, **kwargs, default_args=default_args)
  File "/home/airflow/.local/lib/python3.9/site-packages/airflow/operators/python.py", line 177, in __init__
    super().__init__(**kwargs)
  File "/home/airflow/.local/lib/python3.9/site-packages/airflow/models/baseoperator.py", line 436, in apply_defaults
    result = func(self, **kwargs, default_args=default_args)
  File "/home/airflow/.local/lib/python3.9/site-packages/airflow/models/baseoperator.py", line 804, in __init__
    validate_key(task_id)
  File "/home/airflow/.local/lib/python3.9/site-packages/airflow/utils/helpers.py", line 57, in validate_key
    raise AirflowException(
airflow.exceptions.AirflowException: The key 'extract_[' has to be made of alphanumeric characters, dashes, dots and underscores exclusively
[2026-07-16T22:07:07.474+0000] {processor.py:841} WARNING - No viable dags retrieved from /opt/airflow/dags/air_quality_pipeline.py
[2026-07-16T22:07:07.482+0000] {processor.py:179} INFO - Processing /opt/airflow/dags/air_quality_pipeline.py took 0.043 seconds
[2026-07-16T22:07:37.691+0000] {processor.py:157} INFO - Started process (PID=192) to work on /opt/airflow/dags/air_quality_pipeline.py
[2026-07-16T22:07:37.692+0000] {processor.py:829} INFO - Processing file /opt/airflow/dags/air_quality_pipeline.py for tasks to queue
[2026-07-16T22:07:37.695+0000] {logging_mixin.py:151} INFO - [2026-07-16T22:07:37.693+0000] {dagbag.py:539} INFO - Filling up the DagBag from /opt/airflow/dags/air_quality_pipeline.py
[2026-07-16T22:07:37.706+0000] {logging_mixin.py:151} INFO - [2026-07-16T22:07:37.705+0000] {air_quality_pipeline.py:26} WARNING - Scripts non trouves: cannot import name 'extract_air_quality_data' from 'extract' (/opt/airflow/scripts/extract.py)
[2026-07-16T22:07:37.786+0000] {logging_mixin.py:151} INFO - [2026-07-16T22:07:37.782+0000] {dagbag.py:347} ERROR - Failed to import: /opt/airflow/dags/air_quality_pipeline.py
Traceback (most recent call last):
  File "/home/airflow/.local/lib/python3.9/site-packages/airflow/models/dagbag.py", line 343, in parse
    loader.exec_module(new_module)
  File "<frozen importlib._bootstrap_external>", line 850, in exec_module
  File "<frozen importlib._bootstrap>", line 228, in _call_with_frames_removed
  File "/opt/airflow/dags/air_quality_pipeline.py", line 79, in <module>
    task = PythonOperator(
  File "/home/airflow/.local/lib/python3.9/site-packages/airflow/models/baseoperator.py", line 436, in apply_defaults
    result = func(self, **kwargs, default_args=default_args)
  File "/home/airflow/.local/lib/python3.9/site-packages/airflow/operators/python.py", line 177, in __init__
    super().__init__(**kwargs)
  File "/home/airflow/.local/lib/python3.9/site-packages/airflow/models/baseoperator.py", line 436, in apply_defaults
    result = func(self, **kwargs, default_args=default_args)
  File "/home/airflow/.local/lib/python3.9/site-packages/airflow/models/baseoperator.py", line 804, in __init__
    validate_key(task_id)
  File "/home/airflow/.local/lib/python3.9/site-packages/airflow/utils/helpers.py", line 57, in validate_key
    raise AirflowException(
airflow.exceptions.AirflowException: The key 'extract_[' has to be made of alphanumeric characters, dashes, dots and underscores exclusively
[2026-07-16T22:07:37.788+0000] {processor.py:841} WARNING - No viable dags retrieved from /opt/airflow/dags/air_quality_pipeline.py
[2026-07-16T22:07:37.812+0000] {processor.py:179} INFO - Processing /opt/airflow/dags/air_quality_pipeline.py took 0.130 seconds
[2026-07-16T22:07:49.057+0000] {processor.py:157} INFO - Started process (PID=176) to work on /opt/airflow/dags/air_quality_pipeline.py
[2026-07-16T22:07:49.058+0000] {processor.py:829} INFO - Processing file /opt/airflow/dags/air_quality_pipeline.py for tasks to queue
[2026-07-16T22:07:49.059+0000] {logging_mixin.py:151} INFO - [2026-07-16T22:07:49.059+0000] {dagbag.py:539} INFO - Filling up the DagBag from /opt/airflow/dags/air_quality_pipeline.py
[2026-07-16T22:07:49.063+0000] {logging_mixin.py:151} INFO - [2026-07-16T22:07:49.063+0000] {air_quality_pipeline.py:26} WARNING - Scripts non trouves: cannot import name 'extract_air_quality_data' from 'extract' (/opt/airflow/scripts/extract.py)
[2026-07-16T22:07:49.085+0000] {logging_mixin.py:151} INFO - [2026-07-16T22:07:49.083+0000] {dagbag.py:347} ERROR - Failed to import: /opt/airflow/dags/air_quality_pipeline.py
Traceback (most recent call last):
  File "/home/airflow/.local/lib/python3.9/site-packages/airflow/models/dagbag.py", line 343, in parse
    loader.exec_module(new_module)
  File "<frozen importlib._bootstrap_external>", line 850, in exec_module
  File "<frozen importlib._bootstrap>", line 228, in _call_with_frames_removed
  File "/opt/airflow/dags/air_quality_pipeline.py", line 79, in <module>
    task = PythonOperator(
  File "/home/airflow/.local/lib/python3.9/site-packages/airflow/models/baseoperator.py", line 436, in apply_defaults
    result = func(self, **kwargs, default_args=default_args)
  File "/home/airflow/.local/lib/python3.9/site-packages/airflow/operators/python.py", line 177, in __init__
    super().__init__(**kwargs)
  File "/home/airflow/.local/lib/python3.9/site-packages/airflow/models/baseoperator.py", line 436, in apply_defaults
    result = func(self, **kwargs, default_args=default_args)
  File "/home/airflow/.local/lib/python3.9/site-packages/airflow/models/baseoperator.py", line 804, in __init__
    validate_key(task_id)
  File "/home/airflow/.local/lib/python3.9/site-packages/airflow/utils/helpers.py", line 57, in validate_key
    raise AirflowException(
airflow.exceptions.AirflowException: The key 'extract_[' has to be made of alphanumeric characters, dashes, dots and underscores exclusively
[2026-07-16T22:07:49.085+0000] {processor.py:841} WARNING - No viable dags retrieved from /opt/airflow/dags/air_quality_pipeline.py
[2026-07-16T22:07:49.093+0000] {processor.py:179} INFO - Processing /opt/airflow/dags/air_quality_pipeline.py took 0.038 seconds
[2026-07-16T22:08:19.228+0000] {processor.py:157} INFO - Started process (PID=182) to work on /opt/airflow/dags/air_quality_pipeline.py
[2026-07-16T22:08:19.230+0000] {processor.py:829} INFO - Processing file /opt/airflow/dags/air_quality_pipeline.py for tasks to queue
[2026-07-16T22:08:19.230+0000] {logging_mixin.py:151} INFO - [2026-07-16T22:08:19.230+0000] {dagbag.py:539} INFO - Filling up the DagBag from /opt/airflow/dags/air_quality_pipeline.py
[2026-07-16T22:08:19.233+0000] {logging_mixin.py:151} INFO - [2026-07-16T22:08:19.233+0000] {air_quality_pipeline.py:26} WARNING - Scripts non trouves: cannot import name 'extract_air_quality_data' from 'extract' (/opt/airflow/scripts/extract.py)
[2026-07-16T22:08:19.254+0000] {logging_mixin.py:151} INFO - [2026-07-16T22:08:19.253+0000] {dagbag.py:347} ERROR - Failed to import: /opt/airflow/dags/air_quality_pipeline.py
Traceback (most recent call last):
  File "/home/airflow/.local/lib/python3.9/site-packages/airflow/models/dagbag.py", line 343, in parse
    loader.exec_module(new_module)
  File "<frozen importlib._bootstrap_external>", line 850, in exec_module
  File "<frozen importlib._bootstrap>", line 228, in _call_with_frames_removed
  File "/opt/airflow/dags/air_quality_pipeline.py", line 79, in <module>
    task = PythonOperator(
  File "/home/airflow/.local/lib/python3.9/site-packages/airflow/models/baseoperator.py", line 436, in apply_defaults
    result = func(self, **kwargs, default_args=default_args)
  File "/home/airflow/.local/lib/python3.9/site-packages/airflow/operators/python.py", line 177, in __init__
    super().__init__(**kwargs)
  File "/home/airflow/.local/lib/python3.9/site-packages/airflow/models/baseoperator.py", line 436, in apply_defaults
    result = func(self, **kwargs, default_args=default_args)
  File "/home/airflow/.local/lib/python3.9/site-packages/airflow/models/baseoperator.py", line 804, in __init__
    validate_key(task_id)
  File "/home/airflow/.local/lib/python3.9/site-packages/airflow/utils/helpers.py", line 57, in validate_key
    raise AirflowException(
airflow.exceptions.AirflowException: The key 'extract_[' has to be made of alphanumeric characters, dashes, dots and underscores exclusively
[2026-07-16T22:08:19.255+0000] {processor.py:841} WARNING - No viable dags retrieved from /opt/airflow/dags/air_quality_pipeline.py
[2026-07-16T22:08:19.263+0000] {processor.py:179} INFO - Processing /opt/airflow/dags/air_quality_pipeline.py took 0.037 seconds
[2026-07-16T22:08:49.409+0000] {processor.py:157} INFO - Started process (PID=187) to work on /opt/airflow/dags/air_quality_pipeline.py
[2026-07-16T22:08:49.412+0000] {processor.py:829} INFO - Processing file /opt/airflow/dags/air_quality_pipeline.py for tasks to queue
[2026-07-16T22:08:49.413+0000] {logging_mixin.py:151} INFO - [2026-07-16T22:08:49.412+0000] {dagbag.py:539} INFO - Filling up the DagBag from /opt/airflow/dags/air_quality_pipeline.py
[2026-07-16T22:08:49.417+0000] {logging_mixin.py:151} INFO - [2026-07-16T22:08:49.417+0000] {air_quality_pipeline.py:26} WARNING - Scripts non trouves: cannot import name 'extract_air_quality_data' from 'extract' (/opt/airflow/scripts/extract.py)
[2026-07-16T22:08:49.456+0000] {logging_mixin.py:151} INFO - [2026-07-16T22:08:49.454+0000] {dagbag.py:347} ERROR - Failed to import: /opt/airflow/dags/air_quality_pipeline.py
Traceback (most recent call last):
  File "/home/airflow/.local/lib/python3.9/site-packages/airflow/models/dagbag.py", line 343, in parse
    loader.exec_module(new_module)
  File "<frozen importlib._bootstrap_external>", line 850, in exec_module
  File "<frozen importlib._bootstrap>", line 228, in _call_with_frames_removed
  File "/opt/airflow/dags/air_quality_pipeline.py", line 79, in <module>
    task = PythonOperator(
  File "/home/airflow/.local/lib/python3.9/site-packages/airflow/models/baseoperator.py", line 436, in apply_defaults
    result = func(self, **kwargs, default_args=default_args)
  File "/home/airflow/.local/lib/python3.9/site-packages/airflow/operators/python.py", line 177, in __init__
    super().__init__(**kwargs)
  File "/home/airflow/.local/lib/python3.9/site-packages/airflow/models/baseoperator.py", line 436, in apply_defaults
    result = func(self, **kwargs, default_args=default_args)
  File "/home/airflow/.local/lib/python3.9/site-packages/airflow/models/baseoperator.py", line 804, in __init__
    validate_key(task_id)
  File "/home/airflow/.local/lib/python3.9/site-packages/airflow/utils/helpers.py", line 57, in validate_key
    raise AirflowException(
airflow.exceptions.AirflowException: The key 'extract_[' has to be made of alphanumeric characters, dashes, dots and underscores exclusively
[2026-07-16T22:08:49.456+0000] {processor.py:841} WARNING - No viable dags retrieved from /opt/airflow/dags/air_quality_pipeline.py
[2026-07-16T22:08:49.468+0000] {processor.py:179} INFO - Processing /opt/airflow/dags/air_quality_pipeline.py took 0.064 seconds
[2026-07-16T22:10:40.865+0000] {processor.py:157} INFO - Started process (PID=176) to work on /opt/airflow/dags/air_quality_pipeline.py
[2026-07-16T22:10:40.866+0000] {processor.py:829} INFO - Processing file /opt/airflow/dags/air_quality_pipeline.py for tasks to queue
[2026-07-16T22:10:40.867+0000] {logging_mixin.py:151} INFO - [2026-07-16T22:10:40.867+0000] {dagbag.py:539} INFO - Filling up the DagBag from /opt/airflow/dags/air_quality_pipeline.py
[2026-07-16T22:10:40.881+0000] {processor.py:839} INFO - DAG(s) dict_keys(['air_quality_pipeline']) retrieved from /opt/airflow/dags/air_quality_pipeline.py
[2026-07-16T22:10:40.903+0000] {logging_mixin.py:151} INFO - [2026-07-16T22:10:40.903+0000] {dag.py:2907} INFO - Sync 1 DAGs
[2026-07-16T22:10:40.921+0000] {logging_mixin.py:151} INFO - [2026-07-16T22:10:40.921+0000] {dag.py:3677} INFO - Setting next_dagrun for air_quality_pipeline to 2024-01-01T00:00:00+00:00, run_after=2024-01-01T01:00:00+00:00
[2026-07-16T22:10:40.938+0000] {processor.py:179} INFO - Processing /opt/airflow/dags/air_quality_pipeline.py took 0.075 seconds
[2026-07-16T22:11:11.050+0000] {processor.py:157} INFO - Started process (PID=194) to work on /opt/airflow/dags/air_quality_pipeline.py
[2026-07-16T22:11:11.050+0000] {processor.py:829} INFO - Processing file /opt/airflow/dags/air_quality_pipeline.py for tasks to queue
[2026-07-16T22:11:11.051+0000] {logging_mixin.py:151} INFO - [2026-07-16T22:11:11.051+0000] {dagbag.py:539} INFO - Filling up the DagBag from /opt/airflow/dags/air_quality_pipeline.py
[2026-07-16T22:11:11.064+0000] {processor.py:839} INFO - DAG(s) dict_keys(['air_quality_pipeline']) retrieved from /opt/airflow/dags/air_quality_pipeline.py
[2026-07-16T22:11:11.105+0000] {logging_mixin.py:151} INFO - [2026-07-16T22:11:11.104+0000] {dag.py:2907} INFO - Sync 1 DAGs
[2026-07-16T22:11:11.138+0000] {processor.py:179} INFO - Processing /opt/airflow/dags/air_quality_pipeline.py took 0.092 seconds
[2026-07-16T22:11:41.237+0000] {processor.py:157} INFO - Started process (PID=230) to work on /opt/airflow/dags/air_quality_pipeline.py
[2026-07-16T22:11:41.238+0000] {processor.py:829} INFO - Processing file /opt/airflow/dags/air_quality_pipeline.py for tasks to queue
[2026-07-16T22:11:41.238+0000] {logging_mixin.py:151} INFO - [2026-07-16T22:11:41.238+0000] {dagbag.py:539} INFO - Filling up the DagBag from /opt/airflow/dags/air_quality_pipeline.py
[2026-07-16T22:11:41.248+0000] {processor.py:839} INFO - DAG(s) dict_keys(['air_quality_pipeline']) retrieved from /opt/airflow/dags/air_quality_pipeline.py
[2026-07-16T22:11:41.276+0000] {logging_mixin.py:151} INFO - [2026-07-16T22:11:41.276+0000] {dag.py:2907} INFO - Sync 1 DAGs
[2026-07-16T22:11:41.315+0000] {processor.py:179} INFO - Processing /opt/airflow/dags/air_quality_pipeline.py took 0.081 seconds
[2026-07-16T22:12:11.459+0000] {processor.py:157} INFO - Started process (PID=269) to work on /opt/airflow/dags/air_quality_pipeline.py
[2026-07-16T22:12:11.460+0000] {processor.py:829} INFO - Processing file /opt/airflow/dags/air_quality_pipeline.py for tasks to queue
[2026-07-16T22:12:11.461+0000] {logging_mixin.py:151} INFO - [2026-07-16T22:12:11.461+0000] {dagbag.py:539} INFO - Filling up the DagBag from /opt/airflow/dags/air_quality_pipeline.py
[2026-07-16T22:12:11.470+0000] {processor.py:839} INFO - DAG(s) dict_keys(['air_quality_pipeline']) retrieved from /opt/airflow/dags/air_quality_pipeline.py
[2026-07-16T22:12:11.493+0000] {logging_mixin.py:151} INFO - [2026-07-16T22:12:11.493+0000] {dag.py:2907} INFO - Sync 1 DAGs
[2026-07-16T22:12:11.527+0000] {processor.py:179} INFO - Processing /opt/airflow/dags/air_quality_pipeline.py took 0.070 seconds
[2026-07-16T22:12:41.612+0000] {processor.py:157} INFO - Started process (PID=304) to work on /opt/airflow/dags/air_quality_pipeline.py
[2026-07-16T22:12:41.614+0000] {processor.py:829} INFO - Processing file /opt/airflow/dags/air_quality_pipeline.py for tasks to queue
[2026-07-16T22:12:41.615+0000] {logging_mixin.py:151} INFO - [2026-07-16T22:12:41.615+0000] {dagbag.py:539} INFO - Filling up the DagBag from /opt/airflow/dags/air_quality_pipeline.py
[2026-07-16T22:12:41.623+0000] {processor.py:839} INFO - DAG(s) dict_keys(['air_quality_pipeline']) retrieved from /opt/airflow/dags/air_quality_pipeline.py
[2026-07-16T22:12:41.649+0000] {logging_mixin.py:151} INFO - [2026-07-16T22:12:41.649+0000] {dag.py:2907} INFO - Sync 1 DAGs
[2026-07-16T22:12:41.680+0000] {processor.py:179} INFO - Processing /opt/airflow/dags/air_quality_pipeline.py took 0.070 seconds
[2026-07-16T22:13:11.832+0000] {processor.py:157} INFO - Started process (PID=339) to work on /opt/airflow/dags/air_quality_pipeline.py
[2026-07-16T22:13:11.833+0000] {processor.py:829} INFO - Processing file /opt/airflow/dags/air_quality_pipeline.py for tasks to queue
[2026-07-16T22:13:11.833+0000] {logging_mixin.py:151} INFO - [2026-07-16T22:13:11.833+0000] {dagbag.py:539} INFO - Filling up the DagBag from /opt/airflow/dags/air_quality_pipeline.py
[2026-07-16T22:13:11.846+0000] {processor.py:839} INFO - DAG(s) dict_keys(['air_quality_pipeline']) retrieved from /opt/airflow/dags/air_quality_pipeline.py
[2026-07-16T22:13:11.873+0000] {logging_mixin.py:151} INFO - [2026-07-16T22:13:11.872+0000] {dag.py:2907} INFO - Sync 1 DAGs
[2026-07-16T22:13:11.909+0000] {processor.py:179} INFO - Processing /opt/airflow/dags/air_quality_pipeline.py took 0.079 seconds
[2026-07-16T22:13:42.013+0000] {processor.py:157} INFO - Started process (PID=375) to work on /opt/airflow/dags/air_quality_pipeline.py
[2026-07-16T22:13:42.016+0000] {processor.py:829} INFO - Processing file /opt/airflow/dags/air_quality_pipeline.py for tasks to queue
[2026-07-16T22:13:42.018+0000] {logging_mixin.py:151} INFO - [2026-07-16T22:13:42.017+0000] {dagbag.py:539} INFO - Filling up the DagBag from /opt/airflow/dags/air_quality_pipeline.py
[2026-07-16T22:13:42.033+0000] {processor.py:839} INFO - DAG(s) dict_keys(['air_quality_pipeline']) retrieved from /opt/airflow/dags/air_quality_pipeline.py
[2026-07-16T22:13:42.070+0000] {logging_mixin.py:151} INFO - [2026-07-16T22:13:42.069+0000] {dag.py:2907} INFO - Sync 1 DAGs
[2026-07-16T22:13:42.098+0000] {processor.py:179} INFO - Processing /opt/airflow/dags/air_quality_pipeline.py took 0.088 seconds
[2026-07-16T22:14:12.212+0000] {processor.py:157} INFO - Started process (PID=410) to work on /opt/airflow/dags/air_quality_pipeline.py
[2026-07-16T22:14:12.214+0000] {processor.py:829} INFO - Processing file /opt/airflow/dags/air_quality_pipeline.py for tasks to queue
[2026-07-16T22:14:12.215+0000] {logging_mixin.py:151} INFO - [2026-07-16T22:14:12.215+0000] {dagbag.py:539} INFO - Filling up the DagBag from /opt/airflow/dags/air_quality_pipeline.py
[2026-07-16T22:14:12.228+0000] {processor.py:839} INFO - DAG(s) dict_keys(['air_quality_pipeline']) retrieved from /opt/airflow/dags/air_quality_pipeline.py
[2026-07-16T22:14:12.256+0000] {logging_mixin.py:151} INFO - [2026-07-16T22:14:12.256+0000] {dag.py:2907} INFO - Sync 1 DAGs
[2026-07-16T22:14:12.289+0000] {processor.py:179} INFO - Processing /opt/airflow/dags/air_quality_pipeline.py took 0.081 seconds
[2026-07-16T22:14:42.423+0000] {processor.py:157} INFO - Started process (PID=421) to work on /opt/airflow/dags/air_quality_pipeline.py
[2026-07-16T22:14:42.426+0000] {processor.py:829} INFO - Processing file /opt/airflow/dags/air_quality_pipeline.py for tasks to queue
[2026-07-16T22:14:42.427+0000] {logging_mixin.py:151} INFO - [2026-07-16T22:14:42.427+0000] {dagbag.py:539} INFO - Filling up the DagBag from /opt/airflow/dags/air_quality_pipeline.py
[2026-07-16T22:14:42.441+0000] {processor.py:839} INFO - DAG(s) dict_keys(['air_quality_pipeline']) retrieved from /opt/airflow/dags/air_quality_pipeline.py
[2026-07-16T22:14:42.470+0000] {logging_mixin.py:151} INFO - [2026-07-16T22:14:42.470+0000] {dag.py:2907} INFO - Sync 1 DAGs
[2026-07-16T22:14:42.484+0000] {logging_mixin.py:151} INFO - [2026-07-16T22:14:42.484+0000] {dag.py:3677} INFO - Setting next_dagrun for air_quality_pipeline to 2024-01-02T09:00:00+00:00, run_after=2024-01-02T10:00:00+00:00
[2026-07-16T22:14:42.496+0000] {processor.py:179} INFO - Processing /opt/airflow/dags/air_quality_pipeline.py took 0.076 seconds
[2026-07-16T22:15:12.651+0000] {processor.py:157} INFO - Started process (PID=456) to work on /opt/airflow/dags/air_quality_pipeline.py
[2026-07-16T22:15:12.654+0000] {processor.py:829} INFO - Processing file /opt/airflow/dags/air_quality_pipeline.py for tasks to queue
[2026-07-16T22:15:12.655+0000] {logging_mixin.py:151} INFO - [2026-07-16T22:15:12.654+0000] {dagbag.py:539} INFO - Filling up the DagBag from /opt/airflow/dags/air_quality_pipeline.py
[2026-07-16T22:15:12.671+0000] {processor.py:839} INFO - DAG(s) dict_keys(['air_quality_pipeline']) retrieved from /opt/airflow/dags/air_quality_pipeline.py
[2026-07-16T22:15:12.699+0000] {logging_mixin.py:151} INFO - [2026-07-16T22:15:12.699+0000] {dag.py:2907} INFO - Sync 1 DAGs
[2026-07-16T22:15:12.718+0000] {logging_mixin.py:151} INFO - [2026-07-16T22:15:12.718+0000] {dag.py:3677} INFO - Setting next_dagrun for air_quality_pipeline to 2024-01-02T14:00:00+00:00, run_after=2024-01-02T15:00:00+00:00
[2026-07-16T22:15:12.731+0000] {processor.py:179} INFO - Processing /opt/airflow/dags/air_quality_pipeline.py took 0.087 seconds
